"HoursActual","HoursEstimate"
1.75,14
7,7
0.7,0.7
0.7,0.7
3.5,3.5
7,7
7,7
7,7
1.4,1.4
1.75,1.75
1.75,14
14,14
17.5,14
7,14
7,7
0.35,1.75
70,70
3.5,7
0.7,1.75
1.4,1.75
7,7
7,7
1.75,1.75
0.7,3.5
1.75,1.75
7,14
12.25,10.5
0.7,0.7
105,28
14,14
0.7,0.7
28,14
1.75,3.5
7,7
3.5,1.75
2.1,2.1
1.4,1.4
7,7
7,7
28,28
7,7
3.5,3.5
2.1,2.1
7,7
1.75,1.75
7,7
1.75,7
7,7
1.75,7
3.5,7
7,7
7,7
5.25,14
1.05,7
0.7,7
1.75,7
0.7,0.7
0.7,3.5
7,7
1.75,1.75
21,7
21,7
1.4,3.5
1.75,7
7,7
0.7,1.4
7,7
2.8,7
14,14
70,70
14,35
3.5,14
7,14
14,14
7,7
14,14
42,35
21,35
7,3.5
1.75,7
3.5,14
1.75,1.75
1.75,1.75
7,7
0.7,1.75
0.7,0.7
7,10.5
1.75,3.5
5.25,1.75
0.7,0.7
10.5,14
3.5,1.75
42,7
0.7,1.75
5.25,1.75
7,7
7,7
3.5,3.5
0.7,1.75
7,14
5.25,14
7,21
3.5,7
3.5,7
0.7,0.7
7,7
3.5,21
7,7
7,14
3.5,3.5
7,14
1.75,7
7,7
1.75,3.5
3.5,7
10.5,14
21,14
14,14
2.8,3.5
7,14
3.5,7
1.4,7
0.7,0.7
1.75,1.75
7,7
0.25,0.7
1.75,7
1.75,3.5
1.75,3.5
1.75,3.5
1.75,3.5
1.75,1.75
1.75,3.5
1.75,3.5
1.75,1.75
0.7,3.5
0.7,0.7
1.75,7
7,7
7,7
7,7
3.5,1.75
3.5,3.5
0.5,0.7
28,21
2.1,2.1
1.4,1.4
0.7,0.7
28,7
0.7,1.75
0.7,0.7
0.7,0.7
1.4,1.4
1.75,7
1.75,3.5
0.7,3.5
1.75,7
7,7
3.5,7
1.75,7
0.7,0.7
0.7,0.7
28,35
0.7,3.5
7,7
7,7
0.7,1.75
35,35
7,7
7,7
7,7
0.7,1.75
2,14
0.1,1.75
5.25,1.75
1.75,3.5
5.25,3.5
6,21
7,21
7,7
7,7
0.7,3.5
1.75,1.75
0.7,1.75
0.7,1.75
0.35,0.35
0.7,0.7
7,7
7,7
3.5,7
7,14
0.7,1.75
3.5,3.5
1.75,1.75
1.75,3.5
7,7
7.75,7
7.75,7
3.5,7
1.75,1.75
3.5,7
0.7,0.7
3.5,1.75
0.7,0.7
0.7,0.7
1.4,7
14,14
7,7
3.5,1.75
1.4,1.75
14,35
7,7
0.7,3.5
0.7,3.5
0.7,3.5
0.7,1.75
3.5,7
1.75,3.5
1.75,3.5
0.7,1.75
0.7,0.7
0.7,7
0.7,1.75
7,7
7,7
7,7
7,7
1.4,7
3.5,3.5
4,7
0.7,7
14,14
21,14
0.35,0.35
3.5,0.7
1.75,7
7,7
0.7,3.5
0.7,3.5
0.7,3.5
1.75,7
3.5,7
3.5,3.5
0.35,0.35
0.7,0.7
7,7
1.4,7
7,7
0.5,7
0.7,0.7
10.5,10.5
0.7,0.7
7,7
7,7
1.4,2.1
1.75,1.75
7,10.5
3.5,3.5
3.5,7
2.1,2.1
2.1,2.1
2.1,2.1
7,7
7,7
0.7,7
1.4,7
42,28
1.4,1.75
7,7
7,7
0.7,7
3.5,7
1.75,7
3.5,3.5
0.7,7
3.5,7
9,7
21,7
3.5,1.4
3.5,3.5
7,7
7,7
7,7
1.4,3.5
1.4,1.4
1.5,35
1,1.4
0.14,0.14
5.6,7
0.7,1.4
1.4,3.5
0.7,7
1.4,1.4
4.9,3.5
3.5,3.5
3.5,3.5
0.7,1.4
1.4,1.4
0.7,0.7
3.5,3.5
0.7,0.7
3.5,3.5
3.5,7
1.75,3.5
1.75,3.5
1.75,7
4.2,7
1,7
1.05,2.1
98,7
3.5,3.5
0.7,0.7
5.25,7
3.5,7
7,14
0.7,0.7
17.5,14
0.7,1.75
0.7,7
3.5,7
7,7
2.1,2.1
0.7,3.5
0.7,3.5
4.9,7
0.7,3.5
3.5,3.5
7,7
4.2,7
1.4,3.5
1.75,1.75
0.7,3.5
3.5,7
5.25,7
0.7,7
1.75,1.75
0.7,7
10.5,3.5
10.5,3.5
0.7,0.7
2.8,3.5
3.5,3.5
49,35
0.7,7
3.5,3.5
1.4,1.4
0.7,1.4
20.5,7
20.5,7
1.4,7
3.5,7
1.51,7
1.51,7
7,7
14,14
1.75,7
1.75,14
1.4,14
1.4,14
1.75,1.75
21,21
0.7,21
7,10.5
1.75,1.75
14,14
0.7,1.75
1.4,1.4
4.2,7
1.4,7
7,14
7,7
19.25,35
1.75,1.75
0.7,0.7
1.75,10.5
14.7,7
3.5,3.5
5.25,14
0.14,7
0.14,7
0.7,0.7
3.5,7
8.75,3.5
5.25,7
0.7,1.75
0.35,0.7
7,1.75
7,1.75
2.1,3.5
5.25,14
9.1,3.5
0.7,3.5
7,7
3.5,7
5.25,7
3.5,3.5
1.4,1.4
0.7,1.75
4.9,3.5
3.5,3.5
1.4,1.75
2.8,7
0.7,3.5
8.75,10.5
10.5,10.5
5.25,7
5.25,7
0.7,7
4.9,3.5
0.7,7
0.7,7
2.1,3.5
1.75,1.75
0.7,0.7
5.95,10.5
23,14
5,7
19,7
7.5,14
7,7
7,7
1.75,7
7.5,7
11.9,7
11.9,7
0.35,7
12.25,14
12.25,14
3.5,7
0.7,7
0.7,3.5
2.1,7
3.5,1.75
1.4,3.5
14,7
10.5,7
5.25,7
1.4,7
10.5,7
4.2,3.5
4.2,3.5
3.5,7
1.4,1.4
7,7
1.4,1.4
8.7,7
8.7,7
1.75,1.4
3.5,3.5
10.5,7
3.5,3.5
3.5,3.5
4.2,7
7,3.5
7,3.5
0.7,3.5
1.75,14
3.5,7
7,3.5
7,3.5
0.7,0.7
7,3.5
7,3.5
4,7
2,7
1.5,1.4
1.5,1.4
14,14
14,14
2,7
0.5,0.2
6,7
7,25
4,4
2.5,2.5
0.33,0.33
0.32,0.32
0.1,0.1
0.1,0.1
0.1,0.1
0.1,0.1
0.1,0.1
1.5,1.5
0.1,0.1
0.1,0.1
0.33,0.33
0.01,0.5
0.1,0.1
0.1,0.1
0.1,0.1
3,3
0.5,0.5
2,2.66
0.5,0.3
2,2
2.6,1.2
6,10
10.5,2.5
1.5,2.5
0.1,0.5
0.77,1
29,14
24.5,70
1,1
3.5,3.5
3,5
0.37,1
0.5,1
1,3
2,1
0.1,0.1
0.1,0.1
0.45,0.5
0.25,0.25
0.1,0.1
0.5,0.5
0.5,0.5
3,3
0.62,15
3.75,3
3.75,3
5.4,2.7
5.4,2.7
3.5,5
0.1,0.1
0.54,7
0.1,0.5
2.49,1
0.39,0.5
2,2
2,40
21.5,21
0.5,0.5
1.46,4
1.19,1
0.8,2
0.72,0.5
0.5,1
0.1,0.1
1,3
7.5,5
7.5,5
11,4
11,4
46.5,15
46.5,15
46.5,15
0.1,0.1
0.91,0.1
0.1,1
0.21,0.3
0.1,1
0.19,0.5
0.2,0.5
0.5,0.5
3.5,7
0.5,0.1
0.55,2
4.5,1
7,7
0.1,0.1
0.46,0.5
2,5
1.75,1
1,3
0.5,0.5
0.5,2
1.31,1
4.5,5
0.1,0.5
51.25,16
51.25,16
0.75,0.5
0.25,0.25
1,1.5
2.25,3
2.25,3
1,0.3
0.5,4
10,8
0.75,4
24,21
3.4,4
0.5,0.5
4,14
14,14
4,4
3,1
8.3,5
8.3,5
26.09,15
26.09,15
8,5
8,5
1,1
4,4
3,4
1,0.5
4,4
0.1,0.5
7,4
16,6
3,1
3.5,4
10.36,14.5
0.05,0.05
2,1
3.5,6.25
3.5,6.25
0.5,0.5
2.62,2
1.03,0.5
8.1,7
4.1,4
7,7
0.1,0.5
1,1
25.5,30
0.5,0.5
4,4
5,3
5,3
16.45,5
16.45,5
16.45,5
2,3
1.5,1.5
0.1,0.1
0.5,1
0.5,2
0.95,1
0.3,0.5
0.75,0.5
1,1
4,4
7,4
4.87,0.5
5.5,21
1,1
0.5,2
0.5,0.5
0.45,0.75
5,3
3.28,2
27,4
4.5,4
4,4
1,1
0.5,1
2,3
22.95,7.5
22.95,7.5
24,7
0.5,3
0.5,0.5
0.3,0.5
8,10
5.8,4
0.4,1
4.5,5
0.75,1
2.5,2
2,2
0.5,1
1,1
1,5
0.1,1
22.42,20
2,1
5.5,8
34.75,15
34.75,15
1,1
1,1
33.25,100
9,14
3,7
1.1,1
0.75,12
8.8,5
0.2,0.5
2,5
3.5,4
2.75,3
2,2
1,1
0.6,2
3.75,2
1,2
3,1
2.9,2
2,2
0.5,0.5
1,1
1,1
2,1
1,1
0.6,0.6
1,1
4.5,4
0.5,1
6,3
0.06,0.5
1,1
41,35
18.4,56
52.7,35
0.2,0.5
78.1,35
0.5,0.5
2,2
0.4,0.5
3.1,10
0.5,1
56,10
4,3
4,3
9,1.5
9,1.5
9,1.5
9,1.5
9,1.5
9,1.5
7,7
1,1
0.4,0.5
141.85,14
141.85,14
1,1
2,2
0.1,0.2
2.5,3.5
2.5,3.5
0.5,0.5
1.5,1
2,2
0.31,2
4.5,2.5
0.3,0.35
0.2,0.2
1.5,1.5
4,3
0.2,0.2
0.75,0.75
0.75,1
26.5,20
1.5,1
0.75,0.5
0.75,2
1.5,1
5,4
6.5,2
5.25,5
3.5,5
3.5,5
3.5,5
1.4,1.5
0.3,0.4
1.5,2
0.1,0.1
0.75,1
3.5,4
0.5,0.5
7.25,5
7,7
19,4
0.5,0.5
0.5,1
1,1
0.5,1
8.5,3
1,1
2,2
7.5,3
13,7
0.5,0.5
0.5,0.5
10.5,1.5
10.5,1.5
10.5,1.5
10.5,1.5
10.5,1.5
10.5,1.5
10.5,1.5
18.1,2.5
18.1,2.5
7.25,3
0.5,0.5
0.5,0.5
0.5,0.5
0.3,1.5
1,3
0.75,1
3.5,1
7,10
7,7
21.7,14
21.7,14
0.5,1
3,3
2,2
4.5,3
4.5,3
3,4
1,1
1,1
9.5,7
0.6,2
3,7
3,7
1.5,1
3,1.5
3,1.5
0.4,0.5
3.25,2
2.75,2.5
4,1
4,1
3,2
1,1
7.5,4
2.5,1.5
0.75,0.75
4.5,28
0.3,1.5
3,1
1.04,0.75
1.5,5
0.75,0.75
1.5,1
0.5,0.5
1.25,1.5
39.95,5
39.95,5
1,1
7,14
30.8,7
1,1
6.78,1.5
6.78,1.5
2,2
1,1
1,1
0.5,0.5
7,7
1,1
9,1.5
9,1.5
9,1.5
9,1.5
9,1.5
9,1.5
10.5,1.5
10.5,1.5
10.5,1.5
10.5,1.5
10.5,1.5
10.5,1.5
10.5,1.5
0.75,1
1,1
0.6,0.5
0.75,1
0.5,0.75
0.5,0.5
5,3
4,2
1.5,1.5
1,0.5
2.5,2.5
0.5,0.75
15.5,5
15.5,5
0.5,0.5
0.62,1
1,1
11.3,10
31.5,21
5.1,12
1,2
6.5,4
0.25,0.25
0.25,0.25
1.5,2
1.5,2
1,1
20.5,10
20.5,10
6.25,7
0.5,1
0.5,0.5
8.25,7
0.25,0.25
23,4
23,4
1.7,0.5
63.35,35
63.35,35
63.35,35
3.5,4
3.5,2.5
11.5,3
11.5,3
0.5,0.5
1.25,1
1.5,4
11.5,10
0.5,0.5
0.1,3
0.5,1
10.5,21
7,6
7,6
0.75,0.5
5,3
3,2
37.75,14
14,14
21,21
21,21
21,21
11.5,21
0.5,0.5
1.5,2
20,50
2.5,2.5
2.5,3
4,7
0.5,2
2.5,7
0.3,3
0.1,0.5
0.2,0.2
11.5,5
11.5,5
9.9,20
4,3.5
8.75,4
2.5,2
22.75,30
3,4
3.5,2
0.75,0.75
2,6
0.5,2
0.3,0.3
4,3
1,3
11.2,1.5
11.2,1.5
1,2
6,7.5
2.25,3
0.5,0.5
1,1
2.5,2
0.5,1
0.5,0.5
26.75,10
7.5,4
0.5,0.5
5,2.5
5,2.5
2,2
1,1
4.5,7
1.5,2
10.5,1.5
10.5,1.5
10.5,1.5
10.5,1.5
10.5,1.5
10.5,1.5
10.5,1.5
4.5,4
14.5,10
2,4
1,1
3.5,5
2,1
1,1
2.75,3
1,1
0.5,0.5
18.5,15
1.25,1
2.5,3
1,1
1.75,4
1.25,2
13.5,5
13.5,5
0.5,0.5
2,2
19.5,8
5,3
0.25,0.25
0.75,0.75
4,3.5
4,4
9,7
2,2
1,1
1,1
10.75,3
2,2
9.5,4
5.5,4
26,5
26,5
8,5
12,7
11,14
6.5,7
1.5,2
61,14
61,14
61,14
2.5,7
0.1,0.1
1,2
1,1
0.75,1
0.75,1
0.25,0.25
0.25,0.25
1.75,3
0.75,0.75
0.25,0.5
0.75,1
2.5,2.5
2,2.5
24,3
0.5,0.5
0.5,0.25
0.5,0.5
2,3
0.5,1
0.75,0.75
1,2
3.5,3
1,1
1,1
4.1,1.5
4.1,1.5
0.5,0.5
1.5,1.5
1.5,2
1.5,2
2,2
6.5,4
5.75,5
5.75,5
5,7
0.75,1
1,3
2,2
2,2
2.5,2
1.75,4
0.5,1
1,1
0.5,2
5.25,2
5.25,2
5,5
4,1.5
1,1
2,2
2,2
0.5,0.5
4,3
0.75,3
1,1
11.5,14
1,1
1,1
5,5
4,4
3,4
2.5,3
11,3
16,14
28,21
2,2
1,1
5,7
31,35
42.75,35
4.25,17.5
19.25,49
11.5,21
1.5,2
0.5,7
5.5,10.5
5.5,10.5
1.5,3
1,1
2,2.5
31,21
6.25,4
1.5,1.5
1.5,1.5
13.5,7
4,1.5
4,1.5
0.25,0.25
0.25,2
7.5,14
6,7
1,1
0.5,1
1.5,1.5
0.5,0.25
0.5,0.25
1,1
24.5,25
1,1
1.5,1.5
1,1
7,7
0.5,1
11,6
4.5,5
2,5
0.25,0.5
6.5,5
2.5,2
3,4
4,4
10.5,1.5
10.5,1.5
10.5,1.5
10.5,1.5
10.5,1.5
10.5,1.5
10.5,1.5
2.25,1
7.5,6
12,30
2.5,2
2,2
4.5,4
3.5,4
2,1
2,1
18.5,7
18.5,7
2,1
2,1
3,1
0.5,1
2.25,5
7.5,7
1,1
0.75,1
2.75,2.5
35.5,14
7.75,3
0.25,0.5
2.5,2
0.75,1
0.5,0.5
1.25,1
0.5,0.5
6,4
1,1
43.25,3
8,7
25,25
2,2
3.5,3
3.5,3
2.5,3
6.75,2
6.75,2
3,3
8,7
28.05,72
28.05,72
28.05,72
11,10
11,10
1.5,1
0.75,0.75
0.25,0.25
24.75,30
1.75,2
1.5,3
1.75,2
2,4
1.5,1.5
4.75,3
0.25,0.25
3,3
2,7
2,1
7,7
4.5,5
0.75,1
9,7
1,1.5
19.5,21
0.25,0.25
1.5,3
3.25,2.5
13.75,8
13.75,8
2.5,2.5
0.5,1
63.85,35
63.85,35
63.85,35
0.5,0.5
2,1
6.5,3
0.25,0.25
24,7
1,1
5,7
6,7
1,1
2,1
22.25,10
22.25,10
22.25,10
11.5,10
1.5,1
0.5,0.5
3,2
2.5,2
0.25,7
20.25,8
2,1.5
12.5,7
4,7
1.5,10
3,2
3,2
0.25,0.25
1.25,1
2,2
3.5,3.5
0.5,0.5
21.5,14
1,2
0.5,0.5
27.5,55
2.5,2.5
5,15
2.5,2.5
1,1
2,1.5
5,7
6.5,4
1.5,1.5
1.5,1.5
12,12
10,10
7,7
15.5,5
15.5,5
5,6
0.25,0.5
26.75,7
2.5,4
2.5,4
3,4
9.5,10
20.5,14
1,1
1,1
3.5,4
1.5,1
2,1
2,1
1.5,4
16.25,4
0.25,0.25
1,1
4,4
2,1
2,1
3,1.5
3,1.5
3,3
2.6,2.5
2.6,2.5
5,2
0.5,0.5
0.5,2
2.5,2
7.5,7
8.5,21
20,5
2.5,2.5
2.5,2.5
1,1
8,2.5
25,10
3.5,1
3.5,1
1.1,30
1,1
0.75,1
4,7
0.5,0.5
1,1
1,1
83.5,35
83.5,35
1,2
8.5,5
3.75,3
2,2
0.75,1
0.5,0.5
2,5
5,6
0.5,0.5
2.2,4
4.3,7
1,1
0.5,0.5
5,2
3,3
0.5,1
4.5,3
7,3
7,3
3,3
1,1
11.3,14
0.5,0.5
2,2
3,3
3,2
1,2
3.5,7
2,1
1.7,2
22.5,7
0.5,1
5,7
2.5,2.5
6,6
3.5,21
3.25,3
1.5,2
1,1
8.7,14
1,1
4.5,5
16.5,14
16.5,14
9.5,5
1,2
3,2
2,1
2,1
1,2
2.5,3
5,5
2.7,4
0.5,0.5
1,1
12,14
3,3
26.75,21
1.25,1
2.5,21
17,14
17,14
11.25,14
1,1
4.5,2
2,2
1,1
2.5,2.5
7,7
2,1.5
1,1
5,5
2.25,30
11,7
2.5,1
15.5,14
2,5
0.25,0.25
67.85,21
16.25,30
2.5,3
6.5,8
2.5,2.5
1,0.5
5,7
11,7
1,1
1.25,4
1.25,4
3.5,7
10.5,7
0.5,7
7,7
4.75,4
2,1.5
7.2,14
1.5,0.5
1.5,0.5
3,3
1.5,1
1.5,1
8,4
0.5,0.5
0.75,1
1.25,1
56.2,21
2.5,3
11,14
1.75,1.5
0.5,0.5
0.5,0.5
0.25,0.5
9,21
9,21
0.5,1
1,2
1.5,1
4,3
2,3
2,3
1.5,1.5
0.5,1
3.5,2
1,1
2,5
7,7
7,7
1,1
4.25,4
2.7,14
45.52,14
45.52,14
1.25,0.5
1,1.5
0.5,0.5
4,4
4,4
0.25,0.25
1,1
2.75,2.5
12.75,8
12.75,8
5,21
1.25,2
0.25,0.25
2.25,3.5
1.5,1.5
2,1
1.25,3.5
42.75,14
4,4
3.25,5
0.5,1
5,7
12.5,7
18,14
0.5,0.5
8.75,7
6.25,7
4.5,5
5,3
1.5,2
1.25,1
2.25,5
1,1
4.5,50
2,4
0.25,0.5
0.25,0.25
3,3
9,10
4.25,2
1.5,2
4.5,3
0.5,0.5
1.5,1
0.5,0.5
2,2
0.25,0.25
22.5,14
4.5,3
2,2.5
2,2
1,2
20.5,5
20.5,5
7,6
1,1
7,3
14.5,12
70.65,35
1.5,15
1,1
1.4,4
6.6,21
1.75,2
1.5,1.5
0.5,0.5
3,3
0.75,0.5
3.5,3.5
1,2
1,2
0.5,0.5
1,1
1,0.5
79.75,49
9.5,7
1,1
4,7
28.5,17
3.75,4
7,7
0.5,0.5
1.25,1
1,0.5
0.5,0.5
0.5,0.5
0.25,0.25
1.25,1
1.5,1.5
24.5,15
0.5,0.5
3.5,2.5
0.5,0.5
0.5,0.5
29,30
3,2.5
9.75,6
0.75,0.75
3,5
0.5,5
5.5,4
0.5,0.5
3.5,3
1.25,1
1.5,1
1,1
29.6,21
1.5,1.5
4.5,4.5
12.1,30
1,1
3,3.5
2.5,3.5
2.5,3.5
5,3
5,3
4,5
0.25,0.5
0.25,0.5
33,14
1,3
11.5,5
3.25,3
2,2
0.5,0.5
2,2
1,1
1,1
0.5,0.5
0.25,0.25
0.5,0.5
2.5,2.5
6,10
3.5,1
3.5,1
22.5,15
52.5,14
52.5,14
7,7
9.5,7
1,1
0.5,0.5
2.75,1.5
2.75,1.5
2,3
21.75,20
2,20
0.25,0.5
1.75,1.75
0.75,0.5
8.5,7
6,30
2.25,2
2.25,2
3,2.5
3,2.5
1.5,1.5
0.5,0.5
50.25,4
0.5,0.5
1.75,1.75
35,7
5.5,5.5
4.5,4.5
1.5,1.5
3.75,3
2.25,1
2.25,1
2,2
0.5,0.5
1,1
11,7
0.25,0.25
2.25,1
2.25,1
2.5,2.5
11,4
12,3.5
12,3.5
23.5,7
3,3
1,2
2.5,2
6.75,8
12.5,20
3,3
1,1
0.5,1
2.5,3
3.5,2
1,1
1,1
1,1
2,2
15,5
15,5
1,1
0.5,0.5
8,14
4,14
1,0.5
4,15
4,15
8,10
10,5
2.5,2
7.5,7
1.25,1
0.5,0.5
3,3
1.5,1.5
0.5,0.5
0.25,0.25
1.5,1
0.5,2
6.5,5
1,1
2,1
2,1
2.25,1.5
1,1
2,2
3,3
1.5,0.5
0.6,1
6,15
1.5,1
2,2
3.5,2
0.5,0.5
6.5,7
5.7,14
0.25,0.5
0.6,0.6
1,0.5
6.7,5
1,1
3,3
0.5,0.5
0.5,0.5
0.5,0.5
1.5,1
2.5,2.5
29.32,21
29.32,21
52,35
5,3
5,3
0.5,1
1.5,2
18.5,3
0.5,1
4,2
0.5,0.5
12.5,7
1,1
3.25,40
2.5,3.5
37.5,30
3,3
4,2
1.5,2
0.5,0.5
8.5,5
8.5,5
1,1
3,3
7.5,7
1.5,1.5
17,7
9,2
15.5,14
1,1
3,3
1.5,1.5
0.5,0.5
0.5,0.5
0.5,1
1,1
4.38,17.5
0.5,0.5
7.5,4
3.75,10
2,3
4,4
8.25,5
8.25,5
12.5,7
1,1
7,21
1.75,1.75
13.75,7
13.75,7
1,25
2.75,2.5
1,1
0.5,0.5
1,1
5.75,2
5.75,2
0.25,0.25
11.75,35
11.75,35
3.5,3.5
0.5,0.5
5,4
0.25,0.25
0.25,0.25
9,7
9,7
25,7
3,1
0.5,2
10.25,30
5,4
7.5,7
7.5,7
6.5,2
6.5,2
1,1
8.5,14
8,14
1,1
3,1.5
3,1.5
0.75,0.75
10.5,7
2.5,2.5
7.15,6
2.5,2
3.5,3
3.5,3
1,1
2.25,1
8.8,21
2,1.5
2.91,2
2.91,2
1.25,4
3.75,1.25
3.75,1.25
3.75,1.25
5,1
21.5,10
21.5,10
0.5,0.5
1,1
1.5,1.5
1.33,1
1.33,1
1.25,1.5
3,5
15,21
2,2
2,2
1,10
12,21
12,21
1,1
1.25,1.25
1.25,1.25
5.5,7
4,4
2.75,5
5.75,5
3,3
1,1
1.5,1.5
1,1
1.5,1.5
0.5,0.5
6.5,7
1.75,3
13.5,10
13.5,10
22.5,7
1.5,1.5
0.5,1
6.25,7
1,3
0.75,0.75
0.5,1
3.5,4
0.5,1
3.5,5
3.5,5
3.5,5
5,7
14,7
14,7
3.25,4
1,1
3.5,3
0.5,0.5
3,14
16.5,7
16.5,7
5,7
1,1
1,1
1.5,7
0.5,1
2,2
0.5,0.5
1.5,2
0.5,0.5
17.5,7
17.5,7
2,2
0.5,0.5
0.5,0.5
0.5,0.5
0.25,0.25
2.5,1
13.5,10
0.25,1
0.5,0.5
1.25,1
0.5,0.5
4,5
1,1
2,2
3.15,3.5
3.15,3.5
1,1
0.25,0.25
7.5,4
0.5,0.5
13,6
0.5,0.5
2.25,0.5
10.5,7
1.5,1.5
0.75,0.75
0.75,2.5
10,10
10,10
35,8
0.5,0.5
7.25,1
3.5,3.5
0.5,1
1.5,2
23.35,21
0.25,0.25
7,2
7,2
0.75,0.5
1,7
5.5,5
3,10
3,10
0.33,0.33
0.25,0.25
3,2.5
1.25,1
0.5,0.5
1,2
2,7
0.5,0.5
0.5,1
114.5,50
2,2
1.43,1.5
0.94,1.5
1.25,1.25
0.5,0.5
10.75,7
0.5,0.5
90.15,12.5
90.15,12.5
16,10
16,10
1.25,1.25
0.25,1
0.85,1
0.5,0.5
2,2
0.5,0.5
0.5,1
2,2
33.5,14
5,3.5
0.15,0.15
0.5,0.5
0.75,1
2,2
11.5,7
11.5,7
1,1
5.25,3.5
2,2.3
2,2.3
1,1
1,1
1.25,3
1.25,3
1,0.5
1,0.5
0.15,0.15
3.25,1
19,7
2,2
1,1
34,21
4.5,4.5
2,2.5
1.5,2
4,3
0.75,0.5
19.75,20
1.25,2
0.5,0.5
12,5
12,5
1.5,1
20,30
0.05,0.5
0.05,0.5
0.05,0.5
1.05,2
0.05,0.5
0.05,1
0.05,0.5
0.05,0.05
0.55,0.5
0.05,1
0.5,0.5
0.75,0.5
10,8
0.75,0.75
1,1
1,1
20.9,20
12.5,10
0.25,0.25
1.25,1
0.5,0.5
4.75,2
5.5,3.5
1,1
0.5,0.5
2,2
0.5,0.5
2.5,2.5
4.5,5
5,6
10,5
6.25,5
0.5,2
1.75,5
1,5
2.5,2
1,1
0.25,0.25
5,5
2.5,2.5
11,14
1,1
7.25,3
1.5,2
3,2
1,1
0.25,0.25
0.1,0.1
2,5
0.5,1
1.5,3
5,7
0.75,2
0.25,3
0.5,3.5
61.08,42
61.08,42
0.5,0.5
4,4
43.5,14
0.5,0.5
4,4.5
2.5,7
9,5
1.75,1
1.45,3
1.45,3
1,1.5
1,1
2.75,1
3,3
2.25,2
2.75,2.5
3.5,0.5
3.5,0.5
3.5,0.5
3.5,0.5
3.5,0.5
3.5,0.5
3.5,0.5
0.5,0.5
1,1
8.75,10
21,21
21,21
4,4
156,50
2.5,2.5
6.75,4
6.75,4
6.75,4
6.75,4
9.5,6
1,1
1,1
1,3
1.25,1.25
1,1
5,5
1.5,1
2.75,1
8.25,4
3.5,5
1,1
1,1
39.17,7
0.5,0.5
4,2
4,2
6.75,3
0.75,0.75
1.5,1.5
3.5,7
9,5
0.75,0.75
1,1
1.25,10
0.25,0.25
8,14
0.5,3.5
3.5,4
8.75,7
3.5,3.5
0.5,1
3.25,4
18,7
18,7
18,7
3.5,3.5
0.5,0.5
6.5,5
3.5,3.5
0.25,0.25
2.5,2.5
1,0.75
0.5,0.5
9.25,7
2,2
0.5,4
12.25,5
1,1
1,0.5
2,2
29.89,14
29.89,14
29.89,14
0.5,0.5
5.09,7
2.5,2
2.5,2
0.5,5
3.5,10
4.5,4
3.5,28
0.75,1.25
1,1
1,1
1.83,0.5
1.83,0.5
0.5,1
2,2
0.5,0.5
1,2
12,10
12,10
3,3
1,1
2.5,2
1.5,2
0.1,2
3.34,35
4,3.5
0.5,1
0.5,0.5
1.8,1
0.75,1
2.5,2.5
4,10
3.75,2
0.33,0.33
0.75,1
13.5,6
0.25,0.25
19,21
19,21
3.5,10
0.5,1
3.75,1
1,1
1.5,1.5
1,1
0.5,0.5
47.5,5
47.5,5
0.5,0.5
0.25,0.25
1,0.5
1,0.5
1.25,1
2,2
1.5,2
1.5,1.5
2.25,3.5
0.5,0.5
1,2
2.5,2.5
2.5,4
3.5,1.5
3.5,1.5
1.5,0.5
1,1
4,4
12,12
2.75,3
2,2.5
1,1
8.75,30
4.5,7
26.5,7
26.5,7
30.5,10
6,3.5
12.5,4
2,2
2.5,1
1.5,2
1.5,3.5
0.33,0.5
3,4
0.5,1
1.5,2
13,5
0.5,0.5
1,0.5
0.25,0.25
0.25,0.5
0.1,2
0.25,0.5
3.75,3.5
0.5,0.5
2.5,2.5
1.25,1.5
1.5,7
1.5,3
0.75,0.5
0.75,2
1.25,2
3,3
0.75,3
0.1,3.5
4,3.5
0.1,2
1.25,1
0.25,0.25
0.75,1
6.5,5
1.5,1
2,2
1.5,2
22.5,12
0.5,0.5
0.5,0.5
1,1
0.25,0.25
1.25,1.25
0.5,0.5
0.5,0.5
3,0.5
1,1
4,10
7.5,20
2,2
2.5,3
6.05,3.5
0.25,0.25
2,2
0.5,0.5
36.48,21
0.25,0.25
7.25,2
7.25,2
0.5,0.5
58.5,50
0.5,1
0.25,0.25
0.5,0.5
0.5,1
1.5,1
1.5,1
0.25,0.25
2,3
0.5,0.5
1.5,2
1,1
1,5
0.5,0.5
2.25,2
1.5,2
4.9,5
3.5,3.5
1.75,3
1.75,3
13.75,14
13.75,14
13.75,14
0.75,1
7.5,3
7.5,3
0.75,1
1.25,2
1.75,3
1.5,1
0.75,1
3.5,3.5
2,2
1,1
2.5,2
2.5,2
126,50
1,2
1,1
2.5,3
3,1
2,2
1,1
1.5,1
42.5,14
42.5,14
10.5,2
10.5,2
10.5,2
0.5,30
2.5,2
2,3
2,3
0.5,0.5
1,0.5
2,1
2,1
5.5,3.5
5.5,3.5
0.5,1
3.48,3.5
1.25,1.5
32.48,91.05
3.25,3.5
0.5,1
2,1
1,1
1,1
1.25,1
3.5,3.5
2,15
0.5,1
1,1
2.5,2
1,1
0.5,3
1.75,3.5
1.25,1
3.25,3
4.5,4.5
3,1.5
3,1.5
1.5,3
1.5,3
5,3
1.5,4
0.5,0.5
22,14
22,14
9.5,20
2.5,3
2,2
12.75,30
20.75,40
0.25,0.25
0.5,3
2.75,7
2.75,7
0.5,0.5
1,2
0.5,0.5
1.25,1
3,2
3,2
0.5,0.5
30.75,10
30.75,10
3.5,5
2.25,2.25
2.75,3.5
0.75,2
1,2.5
1.25,1
0.5,0.5
1.25,2
1.25,1
0.5,0.5
1.5,1.5
0.5,0.5
29.63,14
3.5,3.5
4,4
1,1
0.1,3.1
0.15,35.15
0.1,14.1
0.25,0.5
0.5,0.5
7,5.5
7,5.5
0.25,0.25
2.25,2.5
8,8
10.5,7
10.5,7
7.86,6.5
7.86,6.5
2.5,2.5
0.5,2
1.5,3
1,1.25
0.5,0.5
0.25,0.25
1,1
2.15,2
0.75,2
2.16,3
2.16,3
2.75,2
0.33,0.5
1.5,2
2.5,1
2.5,1
1,1
1.25,1
11,4
11,4
8.25,5
8.25,5
1.5,4
3,3
1.6,3
5.76,2.5
2.86,3
0.5,0.5
1.78,2
1.75,2
1,3.5
4.11,2
1.75,1.75
1.25,2
1.5,4
10,7
1,3
7.75,6
62.75,50
3,3
0.65,0.75
17.5,21
2.5,4
0.45,0.5
3.75,3.75
0.5,1
3.75,3.5
8.75,5
0.6,5
5,7
5,7
2,2
2.5,2.5
192.75,30
192.75,30
21,4
1,2.5
117.97,14
117.97,14
117.97,14
1,1
2.5,5
4.68,7
3.03,7
0.91,1
7.25,2
0.5,0.5
22,35
22,35
1,1
0.45,0.5
14.58,5
2,2
6.75,7
4.75,7
0.25,1
7,7
5.95,7
0.75,1
7.5,7
9.8,7
0.5,1
9.5,5
2.25,2.5
1.25,1
5.33,3
5.33,3
5.33,3
2,1
2,1
2,1
5.5,7
1,0.5
1,0.5
0.35,0.35
3.25,3
2,3
2,3
10,7
10,7
1.5,1.5
2,0.5
2,2
9.5,14
111.5,50
0.75,1
0.75,1
3,14
3,3
3,3
19,14
24.75,10
2,3
2,3
41.25,35
41.25,35
0.5,0.5
2,3
2.75,2
37,50
1.5,1
1.25,1
0.5,0.5
8.25,3.5
26.6,20
42.82,56
2.75,3
7,7
7,7
0.5,1
0.5,2
0.33,0.5
0.75,0.45
0.5,0.5
2,2
0.75,0.5
1,1
0.5,0.5
1,1
2,2
2.25,2
0.5,1
0.5,0.5
0.5,0.5
0.5,0.5
15.35,30
17.5,30
1.5,0.5
1,1
0.25,0.5
26.5,7
1,1
9.2,15
1.7,0.5
1.7,0.5
1.7,0.5
1.7,0.5
2.4,3
2.4,3
0.25,0.25
0.5,0.5
1.5,1.5
0.5,0.5
5.5,4
2,4
0.25,0.25
4.25,2.5
1.5,1
1.25,15
1.5,0.5
9,7
16.01,0.17
16.01,0.17
16.01,0.17
16.01,0.17
16.01,0.17
0.5,0.5
0.75,1
0.75,0.75
0.5,0.5
0.1,0.5
0.5,0.5
0.25,7
0.5,2
2.5,2.5
6.75,2.5
7.72,21
70.3,45
70.3,45
70.3,45
0.5,0.5
0.5,0.5
1,1
3.25,3
3.25,3
35.5,50
0.25,0.25
1,1
1.5,1.5
9,2.5
46,20
0.5,0.5
0.5,0.5
0.75,0.5
0.75,0.5
1.25,1
4,4
2.25,2
1,0.5
1,0.5
2.25,3.5
94.08,35
2.8,2.5
0.5,0.5
52.15,126
52.15,126
2.05,1
2.05,1
12.75,50
0.5,0.5
0.25,0.25
2.75,2.5
0.5,0.5
0.5,0.5
6.5,4
0.33,0.33
3.5,2.5
0.25,0.5
2.5,2
9.66,35
0.25,0.25
10.75,20
0.5,0.5
1.75,2
53.58,35
53.58,35
0.25,0.25
8.75,5
0.5,0.5
9,14
7.63,14
5.5,14
5.5,14
1.5,1.5
1.75,2
2.5,3.5
0.75,3.5
3.5,7
0.25,0.25
0.5,0.5
0.25,0.5
26.75,21
26.75,21
1,2
1.75,2
2.75,3
2,2.5
2.5,2.5
1,2
2,2
0.5,3.5
1.75,1.5
5.75,3.5
5.75,3.5
0.25,0.25
2.75,4
3.5,7
0.5,0.5
2.35,2
0.75,1
0.5,0.75
0.5,0.5
45,70
45,70
45,70
3,3
3.9,14
5.5,3.5
0.5,0.5
3.9,3.5
0.25,2
5,3.5
1.75,2
0.75,3
4,3
35.5,7
35.5,7
1.5,2
4,4
1.5,2
1.5,2
17,35
1.5,2
23.58,7
1.5,3
2.5,2.5
4.34,2
10,7
10,7
1,5
1,5
1,0.5
0.5,0.5
13.25,28
13.25,28
25,7
1,1
2.25,1
2.75,2.5
1.5,1.5
4.5,7
2.5,28
1,2
4,3.5
0.5,0.25
17.25,14
17.25,14
0.25,0.25
0.75,1
0.5,0.25
2.5,2.5
10.25,30
0.5,0.5
3.25,10
10,21
2,2.5
7.85,0.17
7.85,0.17
7.85,0.17
7.85,0.17
7.85,0.17
0.5,0.5
101.2,60
101.2,60
0.5,0.5
0.5,0.5
3.85,16
3.85,16
6.15,21
74,50
3.5,2
1,3
59.25,5
59.25,5
1.25,1.5
8.75,1
8.75,1
1,1
0.25,0.25
0.25,0.25
2,2
3.5,2
3.5,2
0.25,0.25
0.5,0.5
1.25,1
13.5,2
13.5,2
0.25,2
2.5,2.5
1.2,1.5
1,1
1.5,1.5
1,1
1,1
1.45,1
1.6,2
2.45,2
3,3
39,21
85.5,100
7.75,5
1.5,1
1.25,0.5
1,0.5
2.59,1
2.5,2
0.5,30
1.5,1
3,2
2.7,3
0.5,0.5
0.5,3
2.5,3
0.5,0.5
1,2
2.75,3
0.75,0.75
2,2.5
2,2.5
24.65,21
24.65,21
0.1,0.1
1,1
14.4,15
14.4,15
0.97,1
0.36,1
1.03,1
0.3,0.5
0.73,1
0.64,0.5
3.08,2
3,3
2.75,3
2,2
0.75,3.5
1,1
2.5,2.5
7.5,13.5
9.5,21
1,1
1,3.5
0.09,0.5
2,1
2.2,4
5.5,5
4.5,4.5
3,2
4,3
0.5,0.5
2.5,2
5,5
3.25,4.5
0.5,0.5
11.25,7
7,35
7,10
5,3
0.5,0.5
6.75,7
0.33,0.5
2.89,3
4.11,3
3,35
29.35,29
29.35,29
1.14,1
7,6
5,5
13.25,3.5
7.5,35
38.42,22
38.42,22
4,2
4,2
0.75,0.75
12,7
1,1
0.33,0.33
0.1,0.25
2,2.5
17.57,10
0.5,3.5
2.75,2
0.25,0.25
1.75,3
6,6
0.5,0.5
1.5,1
1,1
2,5
4.25,2.5
4.5,2
2,1
4,4
4,3
9.5,4
0.75,0.75
3.5,3.5
1,1
5.25,4
5.25,4
29.25,35
54.39,35
54.39,35
4,6
1.1,4
0.88,1
0.75,2
4,4
81.75,70
81.75,70
3,5
5,2
3.08,1
4.5,2.5
8.75,21
7.15,7.15
2,2
6.97,14
6.97,14
2.56,2
2.56,2
3,3
7.25,7
4,2
4,2
6.5,4
0.5,0.5
4,2
4,2
1.75,2
7,7
1.75,2
1.5,1
21.5,10
5.5,7
2,3
0.25,0.25
28.5,7
28.5,7
4,4
10.17,7
10.17,7
1.12,1
3.5,7
1,1
3.43,3
0.25,0.5
75.24,14
75.24,14
75.24,14
2.5,2.5
1.5,2
1.75,16
12.08,15
0.5,2
23.45,35
23.45,35
0.5,0.5
2,1.5
2.5,3
134.92,28
134.92,28
134.92,28
5.5,5
7.75,7
0.5,0.5
32.5,21
32.5,21
9,30
0.25,0.25
4,1
4,1
5.51,5
0.75,0.5
0.25,0.25
1.09,0.17
1.09,0.17
1.09,0.17
1.09,0.17
1,2
2,2
1,5
93.57,2
0.33,0.5
26.18,35
26.18,35
0.5,0.5
1.25,1.5
2.5,2.5
2.5,3.5
1,1
3,4
3,4
1,1
11.5,7
40.32,40
40.32,40
40.32,40
0.75,0.75
0.5,0.5
167.25,70
167.25,70
167.25,70
167.25,70
7.25,7
1,1
1,1
1,1
3,4
3,4
31.92,21
0.33,0.5
1.25,1.5
1,3
31.75,5
31.75,5
8,7
12,3
2,2
2,4
1,0.5
1,0.5
83.5,50
1,1
1,1
3,2
3,2
4,7
0.33,0.33
1,0.5
0.5,0.5
0.33,0.33
13.36,10
13.36,10
2.5,2.5
12.5,30
6.23,7
5.5,1.5
5.5,1.5
5.5,1.5
11.5,5
1.5,1
0.5,0.5
2,3.5
3.5,2
0.25,0.25
13.95,30
13.95,30
13.95,30
6.25,3
31.75,10
31.75,10
0.5,0.5
2,2
4,4
9.5,7
3.5,1.5
4,3
15.25,15
3,3
3,35
5.5,35
2.5,2
9,8
3,2
1.25,1
2.5,7
0.5,2.5
5.25,7
5,3
0.5,1
2.5,5
3.25,3.5
5.25,3
1,1
7.5,3.5
10.5,21
7.25,14
2.25,2
13,28
13.5,5
0.5,0.5
0.75,0.75
2,1.5
0.5,0.5
1,2
8,4
5.15,24
5,4
2,2
0.75,0.75
8.45,2
8.45,2
1.5,2
5,5
4,3
21.75,21
2.75,3
1.75,2
17.5,10
1.75,1.5
11.5,5
11.5,5
1,1
1.5,1.5
4,3.5
19.98,35
19.98,35
3.38,1
3.38,1
2,2
0.5,1
21.5,7
1.5,1
1.5,1
0.75,0.75
2.5,3.5
11.25,7
4,4
18.19,21
5,5
16.63,56
1,1
0.5,0.5
1,2
2.5,2
1,1
2.5,2.5
3.75,3.5
4.5,10
16,7
18,14
18,14
6.25,7
6.25,7
14,30
31,8
1,1
3,3.5
4,5
1.5,1.5
0.5,0.5
5.75,7
13.16,15
2.5,2
6,7
3.5,1
3.5,1
13,7
13,7
6,6
5,3.5
1,4
16.07,20
16.07,20
0.75,0.75
24.25,7
1.75,1
10.47,28
1.25,14
1.18,1.18
0.99,0.17
0.99,0.17
0.99,0.17
5.5,5
9.08,5
2.5,2.5
0.75,1
35.75,35
10.91,6
10.91,6
0.5,0.5
3.75,5
10.25,10
2,2.5
2,2
3,5
9.56,5.31
9.56,5.31
3.25,4
50.5,21
6.75,14
2.5,2
5,8
1.25,0.5
1.25,1
2.25,2.5
10.5,21
1.25,1
36.59,24
36.59,24
8,1
8,1
0.5,0.5
0.25,0.25
2,1
2.5,2.5
2,2
34.5,14
0.33,0.5
1,1
2.25,7
3.75,2
5.58,8
18.5,15
2.5,21
2.5,21
1.5,1
1.5,1
3,4
3,4
29.5,21
29.5,21
0.5,0.5
9,7
9,7
2,2
96.27,28
0.75,1
0.33,0.33
1.25,1.5
2.75,2.5
1.5,1
3.25,3
2.25,1.5
5,14
11,7
11,7
1.5,1
0.5,4
1.5,2
8,4
8,4
2,2
1,4
4,8
1.75,2
1.5,1.5
0.75,1
5,2.5
5,2.5
26.5,7
20,14
1.38,8
1,1
2.25,3
10,10
0.25,0.5
0.25,0.25
0.25,0.25
13.08,21
13.08,21
1.25,2
2.25,2.5
2.5,4
17.75,21
17.75,21
7,28
7,28
9,8
1,1
17.75,15
36.5,7
43.5,21
0.5,1
2.5,3.5
0.5,1
3,2
1,1
2.5,3
0.33,0.5
6.5,7
9.25,6
1.5,2
0.75,1
0.5,1
5,7
0.25,0.25
2.75,7
19.75,14
19.5,28
7.02,14
3.5,3.5
3.75,5
0.25,0.25
2,2.5
12.55,3
12.55,3
4,3.5
5.5,5
5.5,5
0.75,2
6.75,10
15,20
2.25,5
18.67,7
2,2
0.5,1
0.5,0.5
3,4
2.75,7
0.75,7
2,2
2.5,3.5
4.5,14
3.5,1
0.5,0.5
0.5,1
5.25,7
1.5,3.5
6.25,7
7,7
1.83,7
1.83,7
2.25,2.5
19.75,30
0.33,0.33
2.5,3
3.5,4
8,7
8,7
8.25,8
11,3
11.5,35
4,4
3,3
0.25,1
0.75,0.5
0.28,4
2,0.5
2.5,2.5
26.73,21
26.73,21
26.73,21
4,5
0.25,0.25
3.25,4
3.25,5
1,1
3,1.5
3,1.5
5.25,35
7,8
7,7
2.5,4
13.75,30
0.75,1
1,2
1,2
4.5,3
25.5,21
25.5,21
1.5,1.5
0.75,1
0.75,1
1.5,1
25.5,40
25.5,40
1.75,5
3.5,3.5
71.5,50
94.34,75
94.34,75
94.34,75
2.5,2.5
0.5,0.5
1.25,1.5
0.5,5.5
2.5,2
10.8,1.5
10.8,1.5
10.8,1.5
10.8,1.5
10.8,1.5
10.8,1.5
10.8,1.5
2,1
2,1
1.25,1.5
20.75,15
4.75,5
1,1
1,1
16.5,70
2.5,2.5
4.5,4.5
0.2,0.75
2.5,4
3.5,14
1,1
22,17.5
1.5,1.5
1.5,1.5
4.5,4.5
3,3.5
2.5,2.5
2,2
0.66,0.5
0.66,0.5
6.5,3.5
0.15,0.25
2.5,1.5
2.5,1.5
0.5,0.5
0.5,0.5
0.25,0.25
1,1.5
13.28,10
7.8,5
0.15,0.15
0.33,0.5
0.25,0.25
10.5,1.5
10.5,1.5
10.5,1.5
10.5,1.5
10.5,1.5
10.5,1.5
10.5,1.5
4,2
3.25,2.5
12.25,10
2,2
36.5,30
27.5,2.5
4.5,3
1.5,2
0.33,0.33
0.5,0.5
10.75,17
2,35
1.25,1
4,7
2.25,14
0.75,0.5
1.75,2
0.25,0.25
10,7
1.25,14
2,2.5
0.25,8
2,2
8.75,7
0.5,0.5
17.72,70
17.72,70
0.75,0.5
12.75,28
1.5,5
3.5,2
5.5,4
1,3.5
9,1.5
9,1.5
9,1.5
9,1.5
9,1.5
9,1.5
1.5,21
0.75,1
2,7
1.5,2
0.33,1
5.05,15
0.5,1
0.33,0.5
0.75,5
0.5,0.5
3,4
3,4
8.75,14
2,3
2,2
0.5,1
2.75,5
0.75,0.75
2,2
5.5,16
8,2
16.75,30
26.5,7
26.5,7
0.75,0.75
4.25,5
2.5,2.5
12,21
4.5,2
4.25,5
7,1
157.5,35
157.5,35
157.5,35
1.25,1.25
4.5,4
3,3
3.58,95
2.5,2
4.5,2
9,1.5
9,1.5
9,1.5
9,1.5
9,1.5
9,1.5
5.5,7
5,5
1.5,3
4,14
4,14
1.5,1.5
17.13,14
17.13,14
1.5,1.5
0.25,1
0.75,0.75
2,2
94.25,35
94.25,35
2,0.5
2,0.5
2,0.5
2,0.5
0.5,0.5
14.25,28
14.25,28
2.5,2.5
1.75,2
20.5,95
20.5,95
9.75,2.5
3.5,20
0.5,0.5
0.33,0.5
0.75,1
1.5,1
0.75,1
0.25,0.25
3,0.5
1,2
4.5,3
3,2
1.75,2
6,2
6,2
6,2
4,2
4,2
14.45,49
1.5,4
26,30
1.5,2
48.25,7
5,7
0.25,0.25
0.5,0.5
11,49
2.75,5
8,10
2.5,3
3,2
4.5,7
6.5,21
3.25,2
3,2
47,35
1.1,1.5
1.5,2.5
11.75,10
2,2
1,1
109.37,32
109.37,32
31,21
0.25,0.25
11,14
1,2
8,7
2,3
2,3
0.33,0.5
0.25,0.25
8,7
0.75,1
3.5,4
0.5,0.5
6.05,7
4.5,4
0.5,0.5
0.5,0.5
1,1
3.5,4
1.25,2
2.17,3.5
13,10
1,1
0.5,0.5
0.25,1
135,70
135,70
2,10
43,30
2.25,2.5
14.75,30
1.25,1
3,3
9.5,5
2,2
7,6
2.5,2.5
9.5,20
5.5,7
3.25,2
7,8
0.75,0.5
6.25,5
1.25,1
1.5,2
2,2
3.5,2.5
4,2
4,2
1,3
2,2.5
16,10
0.5,1
0.5,0.5
19.75,14
7.5,14
18.75,14
18.75,14
7.52,5
1,3
0.25,2
2,4
1,1
9,1.5
9,1.5
9,1.5
9,1.5
9,1.5
9,1.5
2,3
6.25,7
2,2
2,2
21.75,49
21.75,49
0.25,0.5
0.5,2
0.75,0.75
18.5,4
0.75,2
19.25,30
7,7
0.5,0.5
3.5,1
0.5,0.5
5.5,4
5,49
1.5,7
1,1
2.5,4
2.5,4
1,2
6.75,2.5
2,2
4,7
17.5,49
4.5,7
4.5,7
2.75,2.5
24.5,30
11,3.5
1.5,1.5
22.1,20
0.5,0.5
2.41,21
33.18,14
1,1
4.01,7
0.75,2
44.5,30
44.5,30
46,30
1.25,3
8.25,28
1.74,7
5.25,4
1,1.5
2,2
1.5,1.5
1,4
8.5,14
0.25,0.25
3,3
0.25,0.25
1.5,1.5
3,3
8.5,6
1,1
1.98,2
2,1
2,1
1.5,2
7.75,21
1.5,1.5
15.75,8
0.5,0.5
0.5,0.5
0.5,1
2.5,3
0.25,0.25
12.5,2
12.5,2
0.25,0.25
10.5,7
0.25,0.25
11.75,4.5
11.75,4.5
0.75,2
0.75,2
45.05,14
45.05,14
1,1
0.5,1
2,2.5
2.25,2
22.25,14
11.05,14
1.4,1.5
0.25,0.25
3,3
7.5,1.5
7.5,1.5
7.5,1.5
7.5,1.5
7.5,1.5
19,28
19,28
4,3
4,3
1,2
0.5,2
2.5,3
1,5
3.5,2
0.5,0.5
1,1
2.25,1.5
0.5,0.5
0.5,1
77.96,40
77.96,40
11,7
11,7
2,2
2.5,2.5
12,4
5,4
10.5,14
1,1
1.75,2
67.9,35
67.9,35
67.9,35
19.5,10
4.25,4
1,1
0.5,1
0.5,0.5
33.5,40
15.5,49
6.5,5
2.5,6
3.75,2.5
0.25,0.25
7,4
1,1
2.25,2
0.25,0.25
18.5,10
2.5,2.5
4,3
5,28
1,0.5
0.25,0.25
0.5,1
0.25,0.5
8.25,113
14,5
0.25,0.25
0.25,0.5
9.25,5
9.25,5
2.5,2.5
1.5,2
1,1
47,15
14,14
0.4,1
8,1
8,1
8,1
8,1
8,1
8,1
8,1
8,1
10.5,1.5
10.5,1.5
10.5,1.5
10.5,1.5
10.5,1.5
10.5,1.5
10.5,1.5
9,10
3,3
3.5,0.75
3.5,0.75
3.5,0.75
3.5,0.75
15,21
38.5,100
11.25,4
11.25,4
11.25,4
8,3
1,1.5
2.25,6
11.66,21
11.66,21
11.66,21
0.25,0.25
1,1
12.5,14
12.5,14
0.25,0.25
1.5,2.5
0.25,0.25
0.5,0.5
0.33,0.33
10.15,5
10.15,5
10.15,5
1.5,1
1,2
3.5,3
0.5,1
98.75,28
4,7
4,7
2.75,7
2,2
1.5,2
16.5,2
1.5,1.5
3.5,3
14,7
20.5,16
2,2
0.25,0.25
0.5,0.5
13.45,20
2,2
0.75,0.5
29.25,21
0.25,0.25
1,1
0.25,0.25
16,4
1.5,7
2.75,2.5
25.25,25
75.5,48
75.5,48
12.8,14
12.8,14
2.5,3
9,7
2.5,3
0.75,1
1.5,2
0.25,0.25
1.5,0.75
2,1
3.5,3.5
0.5,0.5
6,3
1,1
3,2
10,14
10,14
4,4
10.5,1.5
10.5,1.5
10.5,1.5
10.5,1.5
10.5,1.5
10.5,1.5
10.5,1.5
33,21
3,3
3,3
1,1
12.5,10
1.5,0.5
0.25,0.25
0.25,0.25
2,2
1,1
56.25,6
2.25,3.5
2.25,3.5
162.24,14
162.24,14
0.5,0.5
3.5,28
2.5,2.5
2.5,10
2,4
5,2
3,3
2.5,3
0.5,0.5
4,3
0.5,3
0.5,0.5
6,5
25,4
1,1
2,1.5
1,1
2.5,3
0.5,1
1,1
1,1
0.5,0.5
1,1
1,1
2,3
1,1
5.5,5
1,1
3,2
40.75,21
1.25,2
1,1
2,1
2,2
0.5,0.5
0.5,0.5
2.25,2
1,72
1,1
0.5,0.5
1,1
1,5
79.55,35
4.25,4
3.25,2
0.25,0.25
0.75,0.75
9,28
9,28
7,1
7,1
7,1
7,1
7,1
7,1
7,1
4,3
1.75,2
3.75,2.5
1,1
11.75,14
0.5,1
2,2
7.5,1
4.5,14
2.5,2.5
1,1
1.5,1
0.5,0.5
1.5,2
1,1
1.5,1
0.5,0.5
0.5,0.5
0.5,0.5
0.75,3
5.5,3
3,3
1.5,1.5
5,7
3.5,4
0.5,0.5
2.5,2.5
0.75,2
71.75,49
6.5,5
1,1
0.5,0.5
0.5,0.5
5,4
5,5
1,2
1,1
1.5,1
2,7
3.25,3.5
1,1
2.5,5
30,30
1.5,3
38.5,10
38.5,10
0.5,0.5
8.5,7
1,2
27.25,7
27.25,7
1,1
8,2
8,2
0.25,0.25
0.5,0.5
1.5,1
3.5,3.5
0.5,0.5
1.25,3.5
6,3.5
6,3.5
1,0.5
1,0.5
2,2.5
9,10
9,10
25.5,21
25.5,21
1,1
0.5,0.5
0.25,0.25
9.75,3
0.5,0.5
12.75,21
0.5,0.5
0.25,0.33
2,2
5,7
0.1,0.1
1.5,2
8.75,49
3,4
3.5,3.5
10.5,1.5
10.5,1.5
10.5,1.5
10.5,1.5
10.5,1.5
10.5,1.5
10.5,1.5
1.25,1.25
0.25,0.5
0.25,0.25
0.5,0.25
1.5,1.5
0.5,0.5
3,2
1,2
0.5,1
0.25,0.25
0.25,0.25
3,49
20.5,49
2,2
0.5,1
11.5,2.5
1,1
1.5,1
2,2
0.25,0.25
22.5,2.5
1,0.5
3,3
1.5,1.5
6.5,3.5
0.25,0.5
0.25,0.25
49.25,49
49.25,49
2,2.5
8,3.5
2,3
0.5,0.5
0.25,0.5
0.25,0.25
0.5,1
2,2
11.75,14
1.75,2
15.75,15
25.15,15
96.6,2
96.6,2
96.6,2
1,1
2,2
2,2
9.75,21
1,0.5
0.25,0.25
3,35
10.5,1.5
10.5,1.5
10.5,1.5
10.5,1.5
10.5,1.5
10.5,1.5
10.5,1.5
0.75,1
0.5,1
2,2
0.25,0.25
2,2
7.5,15
1,1.5
0.25,0.25
1,1
0.5,0.5
1,1
0.25,0.25
1,0.5
2,2
3,3
8.25,49
135.5,100
135.5,100
135.5,100
1.25,1.5
3.25,3
0.5,0.5
0.5,0.5
1.5,2
2,49
0.25,0.25
17.75,5
17.75,5
3,28
2,7
12,7
43.5,21
1,1
4,3.5
3.5,3.5
10.5,1.5
10.5,1.5
10.5,1.5
10.5,1.5
10.5,1.5
10.5,1.5
10.5,1.5
0.75,1
1,0.5
2.5,14
1.5,4
2,2
0.25,0.25
1.5,1
0.5,0.5
0.5,0.5
2.25,1
1,1
0.5,1
57.6,1
37,4
37,4
37,4
37,4
61.75,1
0.5,0.5
0.25,0.25
0.5,0.25
0.5,0.5
4.5,5
4.5,5
10,14
6,2
8.5,3
0.25,0.25
0.5,0.5
29.25,28
4,4
0.75,0.5
5,4
1.5,1.5
0.5,0.5
0.75,0.5
1.5,1.5
12.25,35
12.25,35
0.75,0.75
1.75,3
9.75,1.5
9.75,1.5
9.75,1.5
9.75,1.5
9.75,1.5
9.75,1.5
9.75,1.5
3,3
1,1.5
3.5,4
3,49
1,1
1.5,1
1,1
7,4
7,4
0.5,0.5
15.5,21
2.5,3
20.5,35
0.25,0.25
4.5,4
3.5,2
3.5,2
2.5,2.5
4.75,14
0.33,0.33
1,1
0.33,0.25
2,2
5.25,2
2,2
0.5,0.5
11,10
3,3.5
12.5,21
12.5,21
2.5,1.5
3,3.5
2.5,2.5
1.5,1.5
0.5,0.5
2,2
7.5,6
2,7
2.5,2
2.5,2
2,2
5,2.5
5,2.5
0.25,0.25
3,10
6,10
2,2
3,3
0.5,1
8.5,10
1.75,3
1.5,1
1.5,1
0.5,0.5
4,40
101.5,10
101.5,10
3.5,49
1,2
1,1
3.5,6
3.5,6
13.5,10
0.25,0.25
7,10
2,2
24,20
2,2
1.75,1.75
4,7
4,7
0.25,0.25
13.25,10
2,1
2,2
5,7
3.75,0.5
2.5,3
2.5,3
14.68,35
3.75,3
68.75,49
68.75,49
5,2
5,2
5,2
3.5,5
10.5,20
2,2
10.5,4
10.5,4
3.5,7
0.33,0.33
1.5,2
1.5,2
6.25,7
1.5,2
1,4
5,21
2.75,3
6,1.5
6,1.5
6,1.5
6,1.5
17,14
4,1
1,3.5
3,4
2,2
1,1
6.25,30
1,7
2.5,2
0.5,0.5
0.5,0.5
25,100
1.25,1.25
2,2
2.5,3
2.5,2
1,1
1.5,3
7.5,5
3,21
4.5,5
0.25,0.5
0.5,1
5.5,10
4,4
3,3
26.25,21
5,5
2,4
4,2
4.25,100
9.5,4
11.75,17.5
5,10
2.75,2.5
10.75,5
0.5,0.5
5,3.5
0.25,0.25
0.25,1
15.5,28
0.33,0.33
4,10
1,1.5
7.5,3.5
2.5,2.5
1,1
3,3
57.75,35
57.75,35
1.5,4
0.5,1
1,0.33
3.5,1
1.25,1
1.25,2
2,2
1,1
1,1
1.5,1
3.5,2
0.33,0.33
1,2.5
5.75,7
1.5,1
86.25,100
86.25,100
0.5,0.5
2.5,2
0.5,1.5
2.5,48
8.5,3
0.33,0.33
1.5,1.5
0.33,0.33
0.25,0.25
0.5,2
1,1
2.5,4
1.5,1
0.5,0.5
2.75,3
1,1
2.25,4
8,4
8,4
14.75,14
14.75,14
0.33,0.33
8.5,7
0.25,0.25
0.25,0.25
0.25,0.25
0.5,1
1.5,1
0.5,0.5
9,7
0.25,1
5,14
1,1
7,7
2.75,2.5
1,10
0.33,0.33
2.75,1
6,3
6,3
2.5,0.5
3,1.5
3,1.5
7.17,3.5
6,14
6,14
4.5,3
25.17,100
0.5,0.5
2,2
1.5,2
1,3.5
35,14
3.5,3.5
0.75,7.75
1.5,1.5
1.5,2
1,0.33
10.5,1.5
10.5,1.5
10.5,1.5
10.5,1.5
10.5,1.5
10.5,1.5
10.5,1.5
13.75,21
13.75,21
7,7
1,1
3,3
0.5,0.5
0.5,3
4,2
1.5,1
4.25,4.25
4.25,4.25
4.25,4.25
4.5,3
81,70
81,70
0.75,0.5
0.33,0.33
6,5
0.5,0.5
2.5,4
0.5,0.5
0.5,0.5
1.25,2
1,1
5.5,5
1,3.5
1,2
0.5,0.5
0.5,1
0.5,2
6.5,2
6.5,2
0.5,1
0.5,0.5
2.5,2.5
6.25,7
0.5,0.5
2.5,2.5
2.5,2
1.5,0.75
1.5,0.75
2.5,2.5
1,1
5.25,2.5
4,4
12.25,30
3.75,2
5,3.5
1,1
10.85,20
3,3
1.5,1.5
1,1
13,21
1.5,1
7.25,7
7.5,3.5
10.5,4
0.33,0.33
0.5,1
76.14,28
0.5,0.5
1.5,1
1,1
10.5,1.5
10.5,1.5
10.5,1.5
10.5,1.5
10.5,1.5
10.5,1.5
10.5,1.5
20.75,21
2.5,2.5
0.5,0.5
1,1
0.33,0.33
5,104
0.5,0.5
2,4
1.75,3
0.33,0.5
0.5,1
1,1
1.5,1
3,16
1,1
1,1
2.5,2.5
9.25,21
1,1
7.5,4
7.5,4
1,1
0.75,1
11.5,14
0.33,0.33
0.5,0.5
15.5,10
2.5,2.5
16.75,8.5
1.5,1.5
2,2
2.5,2.5
0.33,0.33
1.75,5
12.25,14
0.33,0.33
2.5,2.5
0.25,0.25
0.5,0.75
3,3
10,10
4.5,10
4.5,10
0.33,0.33
0.5,0.5
11.25,7
12,7
0.5,1
0.5,0.5
4,7
0.33,0.33
1,1
0.75,25
2,3.5
0.33,0.33
4.25,7
22.75,7
5,2.5
5,2.5
3,1.5
3,1.5
2,1
2,1
6,4
6.5,2
6.5,2
2,2
0.5,0.5
0.5,0.5
1,1
0.33,0.33
2.5,2.5
1.5,0.75
1.5,0.75
7.25,7
8,5
8,5
175,100
6.5,5
0.33,0.33
0.25,0.25
7.75,7
3,3
1.25,14
0.5,1.5
2.75,2
2.75,2
3,33
1,0.5
5,5
0.5,0.5
35.8,14
35.8,14
4,3
4,3
8.5,7
9.5,7
3,3
1,1
13.5,4
5,21
24.25,32
24.25,32
24.25,32
0.33,0.33
1,1
3,1
0.5,0.5
6,4
5.75,5
24.5,10
2.75,3
28,49
8,5
1,1
0.33,0.33
2.5,3
13.75,15
4.25,35
1.5,1.5
2.25,2.5
0.33,0.33
1,1
1,1
6,3
8,14
1.5,2
7.5,7
3.5,1
2,2
3,2
2,1.5
2,1.5
0.33,0.33
0.33,0.33
20,16
20,16
1,1
0.5,2
0.33,0.33
9.5,7
1,1
1,7
1.5,1.5
0.5,2
1.75,1
1.75,1
1.75,1
7,7
7,7
17.5,1.5
17.5,1.5
17.5,1.5
17.5,1.5
17.5,1.5
17.5,1.5
17.5,1.5
4.75,4
5,20
1,1
1,2
0.33,0.33
5,5
6,3
3.25,7
59.67,5
59.67,5
10.5,14
0.5,0.5
1,1
1,1
1,1
0.75,0.75
0.33,0.33
3,5
5,5
7,7
3,3.5
2.75,3.5
2.75,3.5
1.5,2
6,30
3,3
13,7
0.33,0.33
2.5,3.5
0.25,0.25
0.25,0.25
10.25,7.75
10.25,7.75
0.75,1
4.75,5
1,1
0.5,0.5
2,1
22.36,30
22.36,30
22.36,30
6.75,4
6.75,4
9.5,7
4.75,5
15,14
20,21
1.25,1.5
1,1
3.5,3.5
1,1
2.5,2.5
14.75,30
2.5,2
2.5,2
13,20
3,3
9,3
0.25,0.5
0.9,2
0.75,1
4.5,2
4.5,2
1.5,2
1.5,1.5
2,1
2,1
3,5
3,1.5
3,1.5
16.35,21
16.35,21
186.56,140
186.56,140
0.33,0.33
1,0.25
14.5,10
0.75,1
4.4,21
4.4,21
4.4,21
1.75,0.5
0.33,0.33
3.5,3
3.5,3
1,1
11,7
11,7
9,1.5
9,1.5
9,1.5
9,1.5
9,1.5
9,1.5
3.5,2
3.5,2
0.5,0.5
0.5,0.5
0.5,0.5
1.5,0.75
1.5,0.75
0.33,0.33
6.5,5
8,8.5
2,7
42,30
1,1
6.5,4
4.75,3.5
0.33,0.33
0.5,0.5
17,5
17,5
8.56,7
1.5,1
14,48
2.5,2.5
0.75,1
0.33,0.33
0.5,0.5
1.25,5
8.5,2.5
2.5,1
2.5,1
29.5,20
9,14
12.1,7
12.1,7
20.5,7
4.5,3.5
0.33,0.33
4,7
4,2
2.65,7
1,2
2,7
0.5,0.5
2,1
2,1
0.33,0.33
33.25,50
33.25,50
10.5,1.5
10.5,1.5
10.5,1.5
10.5,1.5
10.5,1.5
10.5,1.5
10.5,1.5
3,5
4.5,2
2,2
1,1
1,2.5
52.75,70
5.75,7
1.5,2
1.5,2
1,1
0.5,2
1.5,2
3.25,3
3.25,3
1.5,1
2.5,1
2,0.5
0.33,0.33
0.5,0.5
0.25,0.25
4.8,3
2,1
2,1
1,1
8,7
2,2
5,4
0.5,0.5
2,3
1.5,1
5,4
5,4
1,1
1.5,2.5
2.5,4
2.25,0.75
14.25,3
0.33,0.33
29.75,21
29.75,21
4.5,5
0.5,0.5
1,1
2.5,2
1.5,1.5
47.25,70
47.25,70
47.25,70
4,3
1,1
1,1
1.75,2
2.5,2.5
3,3.5
2,1
2,1
2,4
2,4
25.51,48
6.67,28
6.67,28
26,10
2.5,3
1.5,1.5
1,1
1,7
1,2
0.33,0.33
1,2
2.5,2.5
4,3.5
4,1
1.5,1.5
2,4
3,2
0.5,0.5
0.33,0.33
16.55,5
0.5,0.5
2.5,2.5
0.5,1
0.33,0.33
5.75,5
22.25,21
1,1
0.5,0.5
0.5,0.5
1,1
0.25,2
2,2
1,1
0.33,0.33
0.75,1
6.75,7
5,1
0.5,1
3.5,2.5
3.5,2.5
0.5,0.5
29.84,48
0.75,0.75
1,1
0.5,2.5
3,0.5
3,0.5
3,0.5
3,0.5
3,0.5
3,0.5
6.75,2
1.5,0.5
2,2
1.5,1.5
1.5,2
1,1
0.33,0.33
8.25,2
8.25,2
2.2,2
1.25,1
1.5,7
3,5
4.5,3
4.5,3
4.5,5
0.75,0.5
1,7
0.33,0.33
2.5,2.5
0.75,3
9,15
1,3
2,1
2,1
4,35
0.33,0.33
1,1
13,7
0.33,0.33
1,1
3.5,7
4.25,3
4.25,3
1.25,1
0.5,0.5
1,0.5
1,0.5
9.2,2.5
1,0.5
1,0.5
8.5,7
8.5,7
11.95,3
11.95,3
1.8,2
53.45,7
5.5,5.5
10.5,1.5
10.5,1.5
10.5,1.5
10.5,1.5
10.5,1.5
10.5,1.5
10.5,1.5
4.25,20
1.6,3
0.33,0.33
0.33,0.33
2,0.5
8,7
8,7
0.25,0.25
8,4
0.75,0.25
3.5,2.5
3.5,2.5
6,1
4,14
14.5,14
6.5,3
2.5,1
1.5,1.5
0.33,0.33
0.5,0.5
0.5,3.5
2,2
2.75,1
4.95,3.5
0.5,0.5
8.25,2
2.5,2.5
0.33,0.33
0.25,0.25
0.5,0.5
3.5,1
0.5,0.5
1.5,2.5
15,8
0.25,0.25
6.75,21
8.5,14
0.33,0.33
1.5,3.5
2,2
0.5,1
0.33,0.33
1,1
1.5,1
0.33,0.5
3.75,2.5
3.75,2.5
0.75,0.75
10.67,49
1.5,1.5
0.5,0.5
10.5,2.5
0.25,0.5
1,1
3,21
4,2.5
4,2.5
0.33,0.33
2.25,3
2,2
1.05,35
0.75,35
1,1
1.25,3
0.75,5
0.5,0.5
0.75,3
93.12,14
93.12,14
1,1
2.5,1.5
0.33,0.33
3,4
1,1
3.25,2.5
0.1,2
3,49
1,2.5
0.25,0.25
0.33,0.33
64.75,100
5,13
1.27,1.3
0.25,0.5
0.5,0.5
3.5,120
3.5,120
0.25,2
1.87,14
0.5,1
1,1
0.33,0.33
2.75,2
41.25,49
41.25,49
41.25,49
0.1,3.5
3.5,4
0.5,1
3,3
0.5,0.5
2.5,7
3.5,10
3.5,10
5,1
5,1
2,4.5
0.33,0.33
0.25,0.25
3,2
0.75,0.5
0.5,0.5
0.5,0.5
13,16
0.5,0.5
1,0.5
0.25,0.5
0.5,0.5
0.5,0.5
0.5,0.5
0.33,0.33
0.5,2
0.5,0.5
0.5,0.5
0.5,0.5
2.5,2.5
0.33,0.33
0.25,0.5
1.5,1
1,1
1,1
0.5,0.5
10,10
0.5,0.5
0.33,0.33
1.75,2.5
2.5,1.5
23.25,49
0.5,0.5
0.5,1
1.5,0.5
1,1
1,1
1,1
1,1
7.5,4
7.5,4
1,1
0.5,0.33
0.5,0.5
4,1
4,1
4,1
6.5,200
6.5,200
6.5,200
3.75,4
1,20
1,20
6.75,3.75
1,1
2,2.5
0.33,0.33
1,1
0.5,1
5,3.5
3,3
2,2
2.5,1.5
2.5,35
4.5,5
7.5,7.5
1,1
1,1
0.5,0.5
3.25,3.5
0.33,0.33
17.5,14
0.75,1
1,1
0.33,0.33
8,7
28,30
28,30
1.75,2.5
0.33,0.33
0.75,0.5
1.25,1.25
1.5,1
0.75,1
2.5,3.5
1.5,2
0.5,0.5
2.5,14
2.5,14
0.5,1
6.5,7
6.5,7
2.5,2.5
0.33,0.33
0.5,0.5
9.5,5
9.5,5
2,7.5
0.5,0.5
0.33,0.33
1.5,1.5
10,1
2,2.5
0.75,0.75
13.5,14
3,3
4,4
1,3
2,2.5
0.33,0.33
2,2
1.5,2
1,1
1,1
0.33,0.25
0.5,0.5
0.75,1.5
0.75,0.5
2.5,2
0.5,0.5
2.75,2.5
20.5,20
3,14
1.5,1.5
3.5,4
0.33,0.33
4.5,4
4.5,4
1,1
3,3
2,1
0.5,0.5
2,3
3,3
13,10
0.5,0.5
4,49
0.33,0.33
0.75,1
0.5,1
4.5,4
4,4
7,14
7,14
0.33,0.33
6,3
6,3
17.5,3.5
16.5,14
0.5,1
3,3
1,1
2,2
2,4
19,30
0.33,0.33
7,7
0.5,1
0.5,0.5
9,7.5
9,7.5
1,7
0.33,0.33
0.5,0.5
7.5,14
1,2
1.5,1.5
0.5,0.5
8.5,3
1.5,2.5
1,1
2,3
11.6,20
0.5,1
7,1
7,1
3,2.5
3,2.5
0.33,0.33
0.5,14
0.5,0.5
3,2
62.62,35
62.62,35
62.62,35
60.5,210
60.5,210
1,4
0.5,0.5
3.5,2.5
1,1
2,2
0.5,0.5
0.33,0.33
0.5,1
2,2
0.5,0.5
10.5,1.5
10.5,1.5
10.5,1.5
10.5,1.5
10.5,1.5
10.5,1.5
10.5,1.5
1.5,0.75
1.5,0.75
0.5,0.5
3.75,5
1.5,1.5
0.33,0.33
7.5,7
4,7
1,1
0.33,0.33
8,7
4,7
0.75,1
4,2
4,2
12,7
12,7
2,2
0.5,0.5
7.5,20
3.5,4
6,14
9.5,8
3,49
0.33,0.33
1,2
0.25,0.25
7,7
3.5,7
0.5,1
31,21
31,21
4,7
2.5,2.5
22,20
3.75,5
0.75,0.75
1.5,1.5
13.5,49
13.5,49
0.33,0.33
1.5,2
9.5,5
3.5,10
2,1
2,1
35.75,28
35.75,28
0.33,0.33
9.25,3
9.25,3
9.25,3
1,1
0.5,1.5
5.5,4
0.33,0.33
11.25,7
4.75,7
0.75,1
2.5,2.5
4,4
30.5,21
8,5
0.33,0.33
1,3.5
7.25,5
7.25,5
47.67,3.5
3.5,3
1.75,2
1,1
0.5,3
0.33,0.33
1.5,3
1.5,3
19.5,8
2,2
2,2.5
0.5,0.5
0.75,1
0.75,1
1,1
3.25,3.5
0.33,0.33
4,2
4,2
20,200
3.25,3
85.55,7
85.55,7
0.33,0.33
13.75,21
13.75,21
79.26,50
0.5,1
4.4,20
0.33,0.33
2.5,2.5
9.25,5
21.75,30
3.5,4
0.5,0.5
1.25,1
0.5,0.5
0.5,0.5
0.25,2
2,3
0.33,0.33
0.5,0.5
1.5,1.5
0.5,0.5
1.5,1
0.33,0.5
2,2
4.5,10
1,3
0.33,0.33
1,1
1.5,2
1.5,1.5
0.75,0.75
96.25,21
0.75,1
0.75,1
3,2
0.33,0.33
3,5
1.75,5
1.75,5
1.75,5
4.25,7
4.25,7
2,1
2,1
2.5,2.5
4,4
0.75,0.75
0.33,0.33
2,3
2,3
0.5,0.5
2,7
0.75,0.75
1,1
2,2
0.75,0.75
0.5,0.5
9,7
0.33,0.33
3.5,3.5
2,2
7,10
16.25,100
2.75,2.5
2.5,2.5
0.33,0.33
18.75,5
0.25,1
6.25,7
6.25,7
2,2
3.3,21
1.25,5
0.33,0.33
1,1
3.25,3.5
0.33,0.33
0.33,0.33
10.5,8
10.5,8
0.25,28
2.5,2.5
2,2
1,1
1,1
54.8,35
1,1
2,3
3,3
1.5,2.5
0.33,0.33
0.5,0.5
1,0.5
0.5,0.5
0.5,1
10.75,128
10.75,128
10.75,128
0.25,0.5
0.5,0.5
1,1
0.5,0.5
1,0.5
1,0.5
0.5,0.5
21,120
21,120
10.5,1.5
10.5,1.5
10.5,1.5
10.5,1.5
10.5,1.5
10.5,1.5
10.5,1.5
12,4
0.75,0.75
21.75,28
21.75,28
1,1
1,1
0.5,0.5
0.33,0.33
2,1
3.5,2
31.5,7
31.5,7
25,7
25,7
0.75,1
1,2
1,2
1,1
0.5,0.5
7.5,7.5
3,2
0.33,0.33
2.5,2.5
0.45,3.5
2,2
2,2
2,2
10.1,7
10.1,7
1,1
1,1
3.5,4
3,2.5
34.75,50
34.75,50
1.75,3
1,1
1.5,1
12.5,7
1.75,35
0.75,1
95.75,35
95.75,35
8.25,5
0.66,0.33
2,0.5
3.05,3.5
2,2
12.25,3
6.25,4
2.5,2
2.5,2
1.5,1.5
1.5,1.5
1,2
0.5,3
1.5,28
0.33,0.33
0.75,1
5.5,3.5
0.5,0.5
1.5,5
2,7
4,4
3,4
1.5,1.5
0.5,1
17.25,21
17.25,21
5,2
49,14
49,14
2,2.5
17.5,30
2.5,5
2,2
1,1
9,2
11,14
1.5,1
0.33,0.33
1.5,1.5
5,3.5
33.5,1
33.5,1
4.25,3.5
1,1
2,2
1,1
9.25,50
9.25,50
14.25,7
14.25,7
1.5,2
5.5,4
17,8
0.5,3.5
12,14
12,14
1.25,3
0.33,0.33
22.2,100
1.25,2.5
2.5,1
20.75,14
13.5,3.5
13.5,3.5
0.33,0.5
2,0.5
28.5,21
28.5,21
0.33,0.33
19.5,21
19.5,21
0.5,1
1,0.5
1,0.5
7.5,8
4,4
1.5,5
1.5,5
1,2
4,4
6,2
6,2
6,2
8.1,15
2.5,3
2.5,2.5
48.15,60
1.5,1.5
3.5,3.5
3.5,3.5
10.75,14
10.75,14
1,1
16.25,21
0.33,0.33
2,0.5
2,0.5
0.5,0.5
0.5,1
0.5,0.5
2.5,3.5
0.75,1
2,4
20.5,48
0.33,0.33
2,1.5
0.75,0.5
6,5
1.5,2
1.5,2
0.5,0.5
3,3
0.75,1
0.5,1
0.5,0.5
1,1.5
1,2
4.5,35
0.33,0.33
39.75,2
39.75,2
39.75,2
39.75,2
0.5,0.5
1.25,1
1.25,1
9.5,20
18.25,7
18.25,7
0.5,0.5
36.25,70
36.25,70
1.25,10
2,2
9,4
4,5
4,5
0.33,0.33
1.5,2.5
2,1
3.5,3
1.5,1.5
17,10
17,10
1,1
0.33,0.33
1,1
1.25,2
2.5,4
2,2
1.5,4
1.5,4
1.5,10
4,3.5
0.33,0.33
0.5,0.5
1.75,1
1.75,1
1.5,2
1.5,1.5
1,1
0.5,1
1,2
0.5,1
0.33,0.33
2,2
2,2
2,2
8,7
4.75,4
1,1
1,1
0.33,0.33
4,3
1,1
3.5,4
1,1
1,1
3,3
3,3
1,1
0.5,7
8,4
8.25,9
0.33,0.33
2,7
9,3
9,3
1,1
70,41
0.5,10.5
1,1
4.5,4
8.5,8
1,1
5,100
2,3.5
2.5,42
0.5,1.5
16.75,7
16.75,7
2.5,2.5
7.25,7
3.5,1.5
3.5,1.5
1.25,1
0.33,0.33
1,1
27.5,48
7,7
31.25,70
2,2
0.5,0.5
0.5,0.5
0.33,0.33
0.5,1
1,1
3,3
0.5,1
1.5,7
3,3
9,20
14.75,14
0.5,0.5
39.5,12
0.75,5
0.25,1
1,3
0.33,0.33
1.5,1.5
1,1
0.25,1
0.75,1
1.25,1
1.5,2
1.5,4
5,14
5.75,49
5.75,49
3,3
0.33,0.33
1,1
1,7
4.5,2
4.5,2
4,1.5
4,1.5
4,1.5
1.5,2
3,4
0.5,0.5
1,1
0.33,0.33
2.5,14
3.75,4
8,7
8,7
4,7
4,7
2,2
13.25,7
4,4
2.5,3
1,2.5
1.5,2
53.75,48
2.5,3
7.25,10
0.33,0.33
2,7
89,40
89,40
13.25,14
0.5,5.5
7.5,2.5
7.5,2.5
7.5,2.5
0.33,0.33
6.5,5
0.5,0.5
1,2.5
3.5,4
5.5,5.5
1,1
9,7
5.75,7
0.33,0.33
7.85,21
0.5,0.5
5,3
2,3
0.25,7
1.75,2
29.07,50
29.07,50
3,3
3,3
3.25,3
0.33,0.33
9,7
1.5,1.5
0.75,0.75
0.5,0.5
4,4
0.5,2
1,1
0.25,0.5
10,7
0.5,0.5
50.24,25
4.5,5
2.5,5
1.75,2
2,7
17.5,4
17.5,4
1.5,1.5
7.5,3
7.5,3
1,2
6,2.5
0.5,0.5
2.75,14
11.25,48
3,3
0.33,0.33
7,7
2,2.5
32.75,30
13.75,30
5.13,1.5
5.13,1.5
5.13,1.5
0.5,0.5
1,1
1,1
0.33,0.33
7,7
7,7
4.5,3.5
4.5,7
1.9,49
3.1,7
7,7
2.25,7
0.5,0.5
1,1
17.75,48
0.75,1
0.5,7
1.75,2
0.33,0.33
1,1
0.5,0.5
1,1
10.5,3.5
1.25,1
1.25,1
2.5,7
1.5,5
2,2
11.75,7
11.75,7
3,2
1,1
1,0.5
5.75,7
1,1.5
5,2
1,1
2,3
1.25,1.5
1.5,2
2.75,3.5
0.5,0.5
1.75,7
1.75,7
2,2
2,2
6.25,2.5
6.25,2.5
7.5,1
7.5,1
2.5,2
2.5,2
6,7
2,1
2,1
2.75,3
3,2
3,2
1,1
1,35
0.33,0.33
1.5,1.5
9,14
3.5,1
3.5,1
1,1
1,1
2.5,2.5
4.25,1
4.25,1
4.25,1
0.5,2
2.5,2
0.5,0.5
8,7
2.5,3
4,3
4,3
28.5,7
7,7
1,1
7,7
16.37,200
5.5,10
0.33,0.33
69.25,49
1.5,1.5
1.5,1
1,4
4,2
4,2
37.8,28
37.8,28
37.8,28
6.25,14
0.5,3
1,3.5
1,5
6,3
3,0.5
3,0.5
3,0.5
3,0.5
3,0.5
3,0.5
6.25,3
4.5,7
0.5,7
1,1
220.61,150
220.61,150
220.61,150
0.33,0.33
0.5,0.5
4.25,7
0.5,7
1,1
1,1
0.33,0.33
2.5,2.5
0.5,0.5
1,1
0.5,0.5
10.5,49
1.25,1
1.25,1
1,1
2.25,1
4,4
3.25,7
0.5,7
0.5,1
0.33,0.33
0.33,0.33
0.25,0.25
3,7
0.5,7
0.75,1
2.5,2.5
2,2
3,4
1,1
1,1
0.33,0.33
3,7
0.5,7
0.25,1
1,1
1,1
0.5,0.5
12.33,14
12.75,14
0.33,0.33
0.25,0.25
0.5,0.5
1.75,7
0.25,7
0.5,1
12.75,10
5,3
2.5,2.5
21.75,4
21.75,4
21.75,4
0.5,0.5
0.5,0.5
1.5,1
0.33,0.33
7,7
0.5,0.5
2.5,2.5
0.5,0.5
4,5
13.5,2.5
13.5,2.5
13.5,2.5
13.5,2.5
13.5,2.5
13.5,2.5
1,1
0.5,0.5
3.5,1
2,7
2,2
5.6,3.5
0.75,1
0.33,0.33
25.5,21
1,1
1,1
0.33,0.33
6,3.5
6,3.5
0.33,0.33
1,1
1,1
4,7
0.5,7
0.75,1
0.33,0.5
1,1
3,3
1,1
0.33,0.33
0.5,1
0.5,0.5
8,4
36.25,35
36.25,35
12.3,45
0.5,0.5
1.5,2.5
21.5,40
21.5,40
21,20
0.5,0.5
0.5,3.5
0.33,0.33
2,3
7.5,7
7.5,7
0.5,1
0.5,0.5
0.5,0.5
0.75,1
0.5,1
24.25,35
3.25,7
4.25,2
1,1
0.5,1
0.5,0.5
2.5,1
1,1
0.5,0.5
49.5,99
49.5,99
49.5,99
18,4
18,4
0.33,0.33
17.5,14
3.5,4
4,2
4,2
87.75,35
87.75,35
5.5,4
8.75,14
1.5,1.5
17,14
0.33,0.33
0.33,1
2,3.5
3,3
0.5,0.5
1,1.5
0.5,0.5
3,3
0.33,0.33
0.5,0.5
0.75,0.75
0.25,0.25
7.5,14
7.5,14
0.5,0.5
111.08,21
8,7
8,7
0.5,0.5
0.5,0.5
0.33,0.33
3.75,14
1,2
1.5,3
37,21
2.75,2.5
4,1.5
4,1.5
1,1
0.33,0.33
11.75,14
2,1
1,1
3,3
5,2
5,2
16.75,1
16.75,1
17.5,21
4,2
4,2
2,1
2,1
0.33,0.33
2.5,2.5
7,4
0.5,0.5
0.5,0.5
3,1
0.25,0.5
0.33,0.33
2.5,2
2.5,2
0.5,0.5
0.5,1
0.5,0.5
1,1
0.25,0.25
3.25,3.5
1.5,1.5
0.5,0.5
2.5,2.5
7,7
0.33,0.33
7.75,3.5
3,2
3,2
7.5,10
7.5,10
0.33,0.33
20.08,3
0.25,0.25
0.5,0.5
16.58,2.5
16.58,2.5
16.58,2.5
1.5,3
0.33,0.33
1,3
0.5,0.5
1,1
0.33,0.33
0.33,0.33
10.5,7
3.5,3.5
0.33,0.33
1.5,1
1,1
0.33,0.33
1,1
41.75,20
1.5,1.5
1.75,1
0.5,0.5
5.5,5
5.5,5
1.75,2
1.75,2
0.25,0.5
0.5,0.5
5.5,14
0.5,0.5
2.5,1
2.5,1
0.5,0.5
7.75,14
3,3
1,1
1,1
3.5,14
15,14
3.5,7
4,5
4,5
13.5,3
13.5,3
0.75,3.5
1,1
3,4
3.5,7
3.5,7
7.25,5
10,50
1,1
51,14
51,14
6,7
6,7
31.25,150
31.25,150
1,1
2.25,5
88,21
2.5,2.5
3,1.5
0.5,0.5
1.25,1.5
1.25,1
0.25,0.25
3,4
0.5,0.5
5,2.5
5,2.5
2.5,5
2.5,5
1,1
2,2
2,2
37.15,25
10,4
0.5,3
0.75,1
0.5,0.5
2,3
2,2
0.5,0.5
7,35
6.5,7
5.5,4
2,3.5
165.25,35
6.5,21
6.5,21
5.5,6
8.5,3.5
8.5,3.5
8.5,3.5
2.5,2.5
1.5,7
4.5,7
4.5,7
2.5,2
23.25,7
23.25,7
38.65,21
38.65,21
38.65,21
7.5,7.5
3,1.5
3,1.5
0.5,0.5
3.5,5
2.5,1
2.5,1
2,2
0.5,0.5
3,7
3,7
1,2
1,1.5
4.33,1.5
4.33,1.5
1.5,1
1,1
0.5,0.5
4.75,5
2,2.5
2.5,2
1.75,1
1.5,1.5
0.45,45
1,2
2,1
2,1
3,1
2.5,8
0.5,21
1.5,2
3,3
5.25,10
7,4.5
7,4.5
1.25,1
11,49
7,1
7,1
7,1
7,1
7,1
7,1
7,1
4,5
28.75,28
28.75,28
1,1
1,1
0.33,0.33
1,1
1,1
1.5,1.5
0.33,0.33
0.5,0.5
0.5,10
9.5,7
9.5,7
7,7
2,1
0.5,0.5
0.33,0.33
25.84,200
25.84,200
0.75,0.75
12.5,8
0.33,0.5
1,3
0.5,0.5
2,1
2,1
2,1
2,2.5
5.25,7
7.75,7
20.66,120
20.66,120
0.5,1
0.33,0.33
17.01,35
17.01,35
0.5,0.5
0.33,0.33
7,7
2,2
2,3
22.75,100
25.62,35
25.62,35
10.25,50
3.45,28
3.45,28
33.25,140
33.25,140
33.25,140
18.85,7
11.5,49
0.25,0.5
0.75,1
5.25,1
5.5,5
4,1
4,1
4,1
4,1
55.75,49
0.33,0.33
4,3
7,7
4.5,5
4.5,5
0.33,0.33
17.5,14
2.5,2.5
1.5,2
86.28,8
86.28,8
9.25,7
7,7
0.5,0.5
28,200
7.25,7
26,70
1,1
0.5,0.5
0.33,0.33
0.33,0.33
1,1
7,14
1,1
2.5,3.5
6,21
1,14
0.33,0.33
1,1
10,24
10,24
14.61,35
70.5,20
1,2
0.33,0.33
3,7
1.5,1.5
2.5,3
0.33,0.33
2,2.5
0.75,2
0.33,0.33
3,7
1,1.5
4.5,5
3,4
1,1
2.5,4
5.5,21
12.5,9
12.5,9
1.5,1.5
36.75,9
36.75,9
36.75,9
0.33,0.33
3.25,3.5
0.33,0.5
1,1
1,1
7,5
76.45,147
76.45,147
3,3
2,1
1,1
2,3
1.5,2
0.25,0.5
1.5,2
1.25,1
1.5,2
1.5,2
0.5,1
3.2,2
3.2,2
3.2,2
0.33,0.33
1,1
2.5,2
3,2
6.5,7
0.25,0.25
7,7
2.5,2
2.5,2.5
1.5,2
0.5,0.5
0.25,0.25
0.5,0.5
1,1
0.5,0.5
3,2.5
25,30
0.5,0.5
0.75,0.75
1,2
7,5
6,14
2.5,2.5
0.5,0.5
5.25,1
2,36
1,0.5
8,1
8,1
2.25,2
5,1.5
5,1.5
5,1.5
6,7
39.5,28
61.5,7
61.5,7
7,7
1,3
1,1
1,1
2,2
13.25,14
2,1
2,1
1.5,2.5
1.5,1.5
2.75,4
2,2
4,14
4.5,7
0.25,0.25
1.5,1.5
1,0.5
5.75,7
4.5,7
9.75,14
2.25,2
2.25,2
7,7
3,3
8,7
6,7
6,7
4.5,7
13.5,14
2.5,2.5
8.83,7
8.83,7
0.75,0.75
5,7
3,2.5
0.5,0.5
0.25,0.25
0.75,1
5,1
5,1
5,1
5,1
5,1
34.25,13
34.25,13
34.25,13
3.5,3.5
11.75,7
6,5
6,5
11.25,10
2,2
28,30
0.5,0.5
1,1
10.5,14
9,8
0.5,0.5
7.25,7
7,7
2.5,2.5
2,2
1,1
1.5,1
37.5,20
2,3
2.5,4
1,1
16.5,14
16.5,14
27.09,35
27.09,35
13,13
4,2
4,2
2.5,2
2,2
1.5,1
4,2
4,2
2,2
36.55,21
36.55,21
0.01,0.01
11,10
0.88,7
4,7
61,84
61,84
63,35
23.5,35
23.5,35
23.5,35
23.5,35
6,35
25.5,14
25.5,14
25.5,14
76,28
76,28
76,28
76,28
76,28
4.5,14
19,28
19,28
1,1
0.5,0.5
5.25,2
5.25,2
0.25,0.25
3,3
41,21
2.5,7
1.5,2
1.5,200
1,1
1,1
2.5,2.5
1.5,1
7,7
9,1.5
9,1.5
9,1.5
9,1.5
9,1.5
9,1.5
4,4
2,2
0.5,0.5
4.25,1.75
4.25,1.75
11,10
10.48,14
7,10
1.75,1.75
21.5,7
21.5,7
21.5,7
21.5,7
2,1.5
1.5,1.5
7,10
0.5,0.5
2.5,2
3,1.5
3,1.5
5,3.5
7.5,14
3,2.5
3,2.5
1,1
3.75,2
5,5
2.5,7
0.25,7
1,1
2.5,7
0.25,7
1,1
2.5,1.5
2.5,1.5
7,7
1,1
1,1
2,2
6,5
3,5
7,3.5
7,3.5
2,2
4,7
0.25,7
0.75,1
25,21
3,3
0.25,0.5
5.75,7
0.25,7
0.25,1
7,3.5
7,3.5
37.15,70
37.15,70
37.15,70
4.75,7
0.25,7
0.75,1
8.5,4
8.5,4
1,1
0.75,1
7,7
1,1
31.5,3.5
31.5,3.5
1.5,1
0.5,1
1,1
2,0.5
9.75,2
28.35,40
48,35
48,35
48,35
1.88,2
0.5,0.5
7,7
7,7
16.75,20
5,1
5,1
5,1
5,1
5,1
0.5,0.5
1.5,2
1,1
33.75,14
33.75,14
33.75,14
33.75,14
33.75,14
1,1
1.5,2
1,1
4.5,1.5
4.5,1.5
4.5,1.5
1.5,1.5
17.75,10
17.75,10
17.75,10
72.5,70
72.5,70
72.5,70
72.5,70
45.83,49
45.83,49
45.83,49
8.25,70
1,1
2,3
0.5,0.5
0.25,4
2,2
0.25,0.5
0.75,1
1,1
77.5,70
77.5,70
1,1
5,1
7.5,7
0.75,1
2.5,2.5
1,1
7.5,7
7.5,7
8.5,10
4.5,7
2,2
1,1
1.5,1.5
10,7
10,7
10,7
5,7
1.25,7
28.72,21
2.75,2.5
6,5
58.75,14
58.75,14
1.5,3
4,7
0.25,7
0.75,1
2,2
2,2
2,2
1,2
0.75,0.75
6.5,21
6.5,21
4,7
0.5,0.5
4,1
4,1
4,1
4,1
14.5,6
14.5,6
14.5,6
1.25,1
3,21
1,1
1,1
26.5,30
13.5,6.5
13.5,6.5
1.5,7
3.5,10
3.5,10
6,5.5
6,5.5
7,7
7.5,1.5
7.5,1.5
1,1.5
8.5,14
12.25,28
12.25,28
9,6
9,6
2.5,2.5
2,2
4,3
4,3
0.5,1
2,2
2,2
1,2
3,3
3.5,7
6.8,7
6.8,7
0.5,0.5
28,30
28,30
2,2
2.5,3.5
2,2
2,4
3.75,2
3.75,2
1.75,1.75
6.25,7
47.75,7
47.75,7
47.75,7
19.25,30
0.5,0.5
54.6,35
54.6,35
2.5,2.5
21.75,21
21.75,21
1.5,10
1.75,1
1.75,1
1.5,2
5,1
5,1
5,1
5,1
5,1
4,1
4,1
4,1
4,1
31,28
31,28
1.5,1.5
0.25,0.25
1.75,7
0.25,7
0.5,1
14,7
14,7
1.75,1.75
2.5,2.5
85,37
0.5,1
7.5,7.5
0.5,0.5
0.75,1
11.25,7
11.25,7
0.5,2
0.5,0.5
3.5,4
17,21
17,21
17,21
7.25,3.5
7.25,3.5
7.75,3.5
7.75,3.5
30.61,30
32.18,35
1.25,1
24.25,20
0.5,0.5
6,1.5
6,1.5
0.5,0.5
7,7
1.25,2
0.33,0.5
5.5,7
1,1
0.33,0.5
1,1
9.25,7
20,5
20,5
20,5
20,5
1,2.5
13,14
2,2
2.5,2.5
1.75,2
13.5,7
13.5,7
10.25,7
3.5,3.5
2.5,7
6,1
12.15,14
12.15,14
12.15,14
6,1
6,1
6,1
6,1
6,1
6,1
1.5,1
2.33,3
2.33,3
1,1.25
1.75,1
4.5,5
1,1
3,3
1,1
7,7
2.5,2.5
7,10
2,2
18.25,30
9.5,7
9.5,7
0.5,0.5
7.16,3
7.16,3
7.16,3
5.5,5
27.5,50
27.5,50
8.5,5
8.5,5
2,1
2,1
1,1
6,7
3.5,3.5
1,5
5,3.5
5,3.5
7.72,2.5
7.72,2.5
7.72,2.5
7.72,2.5
0.75,0.75
0.75,0.75
1.25,1
2,2
2,2
3,1
1.75,7
1,1
13.25,3
1.5,2
5.5,2
5.5,2
4.24,3.5
1.75,2
2,2
0.5,0.5
7,7
0.55,1
0.6,1
0.5,0.5
14.75,7
14.75,7
0.5,0.5
1,1
3,1
3.5,3
1,1
1.25,7
1,1
1,1
2.5,2
13.75,7
13.75,7
0.75,1
1.25,3.5
0.1,0.1
0.5,0.5
0.1,0.1
0.65,1
2.44,2
2.44,2
1,1
7,7
2.85,14
7.5,7.5
1.5,3
1,1
4.5,7
1.5,1.5
1,0.5
0.75,0.75
2,2
60.25,49
0.1,0.1
2,2
3,3
2,2
4,7
1.5,1.5
1,1
1,1
1.25,1
15.25,12
15.25,12
15.25,12
15.25,12
15.25,12
26.35,30
26.35,30
26.35,30
26.35,30
26.35,30
11.5,7
11.5,7
2,2
11,1.5
11,1.5
11,1.5
11,1.5
11,1.5
11,1.5
0.75,1
3,4
2,2
1.5,1.5
5,5
0.5,0.5
2.5,2.5
1,1
0.75,1
0.75,5
10,3
10,3
10,3
10,3
1,1
1.5,1.5
1.75,1.75
3.5,3
2.5,2
7,1.5
7,1.5
7,1.5
7,1.5
7,1.5
7,1.5
7,1.5
25.5,35
8,1.5
8,1.5
8,1.5
8,1.5
8,1.5
8,1.5
27.4,30
0.75,0.75
4,1.5
2.5,2.5
3,3.5
34.2,7
7,7
35.3,48
0.5,0.5
11,7
1.75,2
1.5,2
1,1
0.75,0.5
0.5,4
0.5,0.5
1,1
4,7
2.5,2
2,2
11.5,14
3.5,3.5
1,0.5
1,0.5
6.25,7
7,21
0.5,1
18,14
2,2
1,1
13.5,14
13.5,14
0.83,1
0.83,1
1.5,1.5
8.5,14
1,1
0.25,0.5
0.5,0.5
0.75,3
4,2
2,3
2,3
0.5,0.5
16,4
1.5,7
0.25,0.25
1.5,1.5
4.5,5
4.5,5
7,7
4.5,7
4.5,7
1,1
4.5,3.5
4.5,3.5
0.75,0.75
5.5,4
0.5,0.5
0.75,1
5,7
1,1
0.5,0.75
2,2
1.5,2.5
0.75,2
2,2
13,4
13,4
13,4
16,21
16,21
5.5,7
2,0.75
2.75,3
100.25,14
100.25,14
100.25,14
100.25,14
100.25,14
0.5,1
0.5,0.5
11.75,35
3.5,7
0.25,0.25
43.95,30
0.25,0.25
1.5,0.5
1.5,1
1.5,1
1.75,3
10,20
1,1
0.75,0.75
1.5,2
38,35
38,35
2,2
1,1
1.5,1.5
1.25,1
0.33,0.33
1.5,0.5
1.5,0.5
1.5,4
5,7
9,1.5
9,1.5
9,1.5
9,1.5
9,1.5
9,1.5
10.5,7
10.5,7
2.5,1.5
2.5,1.5
7,7
11,14
11,14
0.75,0.75
0.75,1
2.5,2.5
8,11.5
4,1
4,1
4,1
4,1
18.65,3.5
18.65,3.5
12,5
12,5
2.5,2.5
1,1
2,3
1,0.5
1,1
3,14
1,1
0.5,0.5
1,1
7.75,10
7.75,10
1,1
0.5,0.5
0.5,3.5
2.5,2.5
2.5,1
2.5,1
9.5,10
8.5,7
1,1
8.5,14
8.5,14
51.25,21
51.25,21
12,35
16,7
1.5,1.5
3.5,3.5
28.75,50
28.75,50
1,1
0.5,0.5
7,7
8,1.5
8,1.5
8,1.5
8,1.5
8,1.5
8,1.5
20,7
1,1
1,1
15.75,10
15.75,10
15.75,10
0.5,0.5
2.5,2.5
3,2.5
2.5,14
17.75,14
7,7
7,7
1.5,7
2.75,14
3.5,3
3.5,3
2.1,2.1
3.5,35
0.75,1
5,2
5,2
5,2
3.5,3.5
5,14
1,1
2,5
23.5,14
23.5,14
13.5,21
13.5,21
1.5,1.5
1,4
6,21
56.1,30
56.1,30
6.75,5
3,3
6,1.5
6,1.5
6,1.5
6,1.5
6,1.5
6,1.5
27.25,35
27.25,35
5,35
3.5,3.5
1,2
16.5,14
16.5,14
0.5,0.5
4.25,2
24.75,14
24.75,14
24.75,14
24.75,14
43.25,7
43.25,7
43.25,7
43.25,7
43.25,7
43.25,7
43.25,7
3,1.5
3,1.5
3.75,4
1,1
0.5,0.5
5,7
0.5,1
1,1
3.5,3.5
0.75,0.75
21.25,14
21.25,14
42.25,35
6.5,7
57.5,21
16.5,7
16.5,7
77,47.5
77,35
77,35
77,35
26.5,22.5
70,30
70,30
70,30
2,3
2,1
10.5,5
10.5,5
3.2,5
0.5,0.5
2.25,5
2.25,5
3.5,2
0.5,0.5
137.7,56
137.7,56
2.25,2
25.1,35
0.5,0.5
2,2
1.5,49
21.25,14
21.25,14
21.25,14
21.25,14
0.75,0.5
34.25,20
0.5,0.5
10.2,35
10.2,35
4.25,15
2.5,3
2.5,3
3,2.5
17.5,20
4.5,3
3,3
1.25,1
26,21
26,21
2,2
2,2
7,7
2.5,2
1,3
4.75,3
1.5,2
1.5,2
2.5,2.5
28.75,14
0.5,0.5
53.5,14
53.5,14
0.75,0.75
11,7
1.25,1
3.5,3.5
21,21
0.25,0.25
1,1
0.5,0.5
2,5
1.5,1.5
1.5,1.5
15.5,21
30,49
30,49
30,49
0.55,1
2.75,5
5,3
1.5,1.5
2.5,3.5
5.5,2.5
5.5,2.5
4.5,1
0.5,1
3,7
1.75,2
5.5,14
7,7
2.5,2.5
1.5,1.5
1.25,1
0.1,1
1.25,1
33.75,14
33.75,14
4.75,7
2.5,3
6,14
1,1
7,7
6.75,14
12.5,3
3,14
1,1
3,3.5
30,48
2.5,2.5
1,1
2,28
4.5,30
27,14
0.6,1
14,30
14,30
14,30
2,2
5,1
5,1
5,1
5,1
5,1
29.5,21
3,30
1,1
8.5,10
4.5,14
0.5,0.5
8.25,7
8.25,7
2.5,4
2,2.5
1.5,1.5
4.5,7
4.5,7
4.75,3
4.75,3
4.75,3
2.5,3
3,2.5
3,2.5
28.25,30
1.5,1.5
31,21
12.5,21
7,7
0.5,0.5
9,7
0.5,0.5
14.75,48
14.75,48
10.75,20
3.5,2
3.5,2
1.5,1
2.5,3
2,20
3,2
2.5,3
0.75,0.75
2,7
3,7
3,7
3,7
20.83,7
20.83,7
20.83,7
3.5,2
3.5,2
1,1
3.5,3.5
1,3
11.75,5
0.75,1
1.5,1.5
2,2
18.25,50
109.25,100
109.25,100
6.25,10
6.25,10
1.5,2.5
0.33,0.5
13.83,1
13.83,1
13.83,1
2.5,3
6.5,7
7,7
7,7
4.75,7
2,1.5
2,2
1.25,1
1.5,1.5
2.5,2.5
0.5,0.5
0.5,0.5
8,14
8,14
5,100
0.5,0.5
0.5,0.5
4,3
10,4
0.75,0.75
7,7
0.25,0.25
6,2
6,2
6,2
12.75,35
7,7
39.25,70
11,7
3.5,3.5
2.25,2
2.25,2
9.75,4.5
9.75,4.5
1,1
2,3
0.5,0.5
5,7
7,7
0.5,0.5
2.5,2
3,1.5
3,1.5
2.5,2
9,3
0.5,0.5
13,7
1.5,1.5
9.5,5
3,3
222.34,70
222.34,70
222.34,70
222.34,70
6.5,7
6.5,7
1.75,3
3.5,2.5
3.5,2.5
5,5
1.5,1.5
1.5,1.5
0.25,0.25
3,7
3.6,7
7,7
13.25,50
13.25,50
0.4,0.5
3.5,5
3.5,5
2.5,2.5
1.75,1.25
39.65,35
0.25,0.25
1.5,1.5
1.5,2
1.5,1.5
6.5,1
0.5,1
0.33,0.33
20.5,20
2,2
2,2
4.5,2.5
7.4,7
14.5,30
14.5,30
1.9,2
27.25,5
2.5,2
1.5,21
2.78,4
3.45,4
10.5,7
3.4,3
2,2
37.5,50
0.25,0.25
1,0.5
1,0.5
3,1
3,1
0.25,1
7,7
1.5,14
2,2.5
1,1
2.55,6
1,1
1,1
1,1
1,1
2.5,1.5
2.5,1.5
2,2.5
139.5,140
139.5,140
2.75,3
2.75,3
2,1
2,1
3,3
4.15,7
1,1
1.5,1.5
2,2
3,1
3,1
1.75,2
0.1,0.1
2,2
3.5,4
8.5,20
1.25,1
1.25,1
3.75,2
3.75,2
10.5,1.75
10.5,1.75
10.5,1.75
10.5,1.75
10.5,1.75
10.5,1.75
0.5,0.5
1.5,1.5
1.5,2
2,2
1.75,2
1,1
5.25,4
2.5,2
0.5,0.25
0.5,1
0.75,2
2,2
7,7
4,3.5
7,3
7,3
2.75,2.5
5,3.5
5,3.5
2,1
2,1
3,20
4,4
1.25,1.5
6.5,7
0.5,1
5.75,7
0.25,0.25
6.5,1
3.25,2.5
3.25,2.5
15,21
0.5,0.5
6.5,6
1,1
0.5,0.5
1,1
0.5,0.5
146.5,14
0.25,0.5
1,5
0.5,2
1.5,3
2.25,5
2.25,5
2,2
1,0.5
0.5,0.5
2.5,2.5
1.25,1
1.5,3
3,3
6.25,5
6.25,5
2.5,2
2.5,2
1,1
47.8,30
47.8,30
0.25,4
1.25,1
46,21
46,21
46,21
2.5,2.5
7.5,7
11,7
11,7
0.25,0.25
7,7
2.66,1.33
2.66,1.33
1.9,0.5
1.9,0.5
2,2.5
3.5,3.5
3.5,3.5
7,7
2,2
8,7
3.5,3.5
7.67,7
8,7
2.5,2.5
0.25,0.25
2.49,4
1,1
0.25,0.25
30.6,40
2,0.75
2,0.75
0.65,6
33.5,20
2.5,1
2.5,1
3,3
82.25,100
82.25,100
82.25,100
1.25,1
0.25,0.25
1.25,1.5
7,4
5,7
5,7
7,7
2,49
1.75,2
0.5,1
2.75,2.5
1,1
5,2.5
5,2.5
1.5,1.5
1.25,1
6,1
6,1
6,1
6,1
6,1
6,1
1.75,1.5
3.5,5
2,3
8,7
1,1
0.25,0.5
14,49
0.25,0.25
0.25,0.25
7,7
4,2
2,3
2,2.5
1,1.24
1.5,1.5
12,14
3,49
7.5,8
1,1
7,7
1.5,1.5
13.04,14
13.04,14
2.5,2.5
1,1.25
5.5,3
5.5,3
166.75,100
166.75,100
12.4,14
12.4,14
3.5,3
3.5,3
11.5,7
1.5,2
1.5,2
1.5,2
1.5,1.5
63.5,105
63.5,105
1,1.5
3,4
47.22,14
47.22,14
169.17,35
7.5,3
11.5,5
0.6,0.75
13.5,7
13.5,7
1.5,7
0.5,0.5
2.5,7
14,14
4,7
1,1
0.75,2.5
1,1
3,10
1,1
2.5,14
3.5,3.5
7,7
12.5,12
1,1
2.75,2.5
6,49
0.5,1.5
1,1
2.25,14
0.5,7
4,7
0.5,0.5
1,1.25
0.65,2.5
1.2,1
0.75,3
1.25,3
7.5,14
1,1.5
0.5,0.5
3,7
0.5,0.5
6,2
6,2
0.25,0.5
1.5,5
0.5,0.5
3,3
7,7
1,1
3.25,7
68.75,35
68.75,35
68.75,35
17.25,10
2.5,2.5
2,5
2,5
0.2,2
0.5,0.5
4,7
0.25,0.25
1,10
7.5,7
7.5,7
39.95,30
0.33,0.25
4.25,35
1,1
1,1
5.5,5
2,7
1.25,1.5
17,14
17,14
17,14
17,14
17,14
1.5,5
0.5,1
9.8,7
3.5,1.75
3.5,1.75
3,4
8,1
8,1
8,1
8,1
8,1
8,1
8,1
8,1
9,7
0.25,0.25
0.25,0.25
1,1
13.75,10
7,7
3,2
3,2
0.75,0.75
1,1
0.5,0.5
1.5,2
3,2.5
1,1.25
65.5,28
0.75,1
1.5,1.5
10,10
1.5,0.5
1.25,5
0.33,0.33
30,35
3,1.5
3,1.5
0.5,0.5
4,7
2.5,10
8.25,5
0.25,0.25
1.5,1.5
1,1
7,7
1,4
9,14
2,14
1.25,1.25
2.5,2.5
1,2.5
13.35,14
9,4
9,4
0.25,0.5
3,3
1,1
2,2
1,1
1.75,1.5
129.45,50
0.4,0.4
6,2
6,2
6,2
6,2
4,2
4,2
2.25,7
0.75,7
1,14
1,14
4,7
7,7
1.45,5
1,1
2.25,2.5
1.25,1.25
5.25,5
1,1
1,2
6.5,21
6,4
6,4
5.75,2
5.75,2
5.75,2
5.75,2
9,7
5,7
10.5,12
2.5,14
2.25,3
1.4,2
1,1
2.5,2.5
0.5,0.5
0.75,1
2.25,2.5
20,5
20,5
20,5
20,5
102.25,21
3.5,2
3.5,2
2.5,3
1.25,1.25
2.5,2.5
18,20
11,49
2.5,0.5
2.5,0.5
2.5,0.5
2.5,0.5
2,2
9,21
9,21
3.5,4
0.75,1
0.62,50
1.5,2
15.43,30
0.75,1
8.5,14
5.4,7
1.5,1.5
1,1
2,2
0.5,0.5
0.25,0.25
0.5,0.5
1,1
3,2
36.55,7
7.75,5
0.25,0.25
2.5,14
2.5,14
1,1
1,2
1.72,1.5
1.72,1.5
2.5,2.5
1.5,1
1.5,1.5
1.5,2.5
1.25,1.25
7,7
0.25,0.25
0.25,0.25
0.25,0.25
0.5,0.5
0.25,0.5
2.75,2.5
2,2
31,35
7.17,3.5
0.75,0.75
0.25,0.25
0.5,1
0.25,0.25
0.75,0.5
22.75,7
0.5,1.5
7.5,5
2.5,2
1,1
1,1
2.25,3
2.75,1
2.75,1
3.5,3.5
0.5,0.5
0.5,0.5
0.25,0.25
2,2.5
1,1
7,7
1.5,2
1.5,1.5
4,4
0.5,0.5
0.5,0.5
1,1
3,10
0.5,1
0.5,0.5
1.25,1
12,6
26.9,14
2,2
0.5,0.5
4.1,1.5
4.1,1.5
4.1,1.5
4.1,1.5
48.25,35
11.5,14
4.5,5
1.5,1.5
32.24,28
1.5,1.5
2.5,2.5
5.75,1
1,2
1,1
1.5,2
7,21
25.5,30
2,1
6,5
1,1
1,1
3.25,2.5
1,1
3.5,3
31,30
0.9,1
2.75,3
0.5,0.5
7.25,144
1,1
1,1
3.25,7
2,2.5
1,1.5
3.26,35
0.25,1
2.5,2.5
17.6,7
1.75,35
0.75,1
2.5,2
1,1
72.79,35
72.79,35
0.5,1
0.5,0.5
0.33,0.33
0.75,0.75
1.5,3
2.25,3
1,1
12.25,7
23.5,20
0.5,0.5
8.5,5
3,1.5
3,1.5
0.25,0.25
5.75,3
5,2
0.5,0.5
8.5,14
1,1
19,21
0.75,0.75
1,1
1.5,3
4,10
3,2
1,1
2.25,3
9.75,3
1.75,3
6,7
18.5,30
2,2
0.5,0.5
0.24,1
2.5,49
6,1
6,1
6,1
6,1
6,1
6,1
3.5,3.5
1,1
0.8,1
23.52,1
10,5
10,5
2,2
1.5,2
4,3
30,49
2.5,3
2.5,2.5
2,3
1,1
73,49
73,49
73,49
17,20
17,20
0.33,0.33
0.25,0.5
61.5,20
61.5,20
12.5,14
3.5,4
1.5,1.5
1,1
1.5,3
1,1
0.44,1
4,4
1,1
2,2
1,1
3,1.5
3,1.5
5,6
58.5,20
58.5,20
58.5,20
1.38,1.5
43,14
43,14
0.72,1
0.5,2.5
3,3
1.8,3
1.8,3
6.5,5
14.48,35
55.52,35
1.5,1.5
1.5,1.5
1,1
1,1
4.5,14
4,35
7,14
2,2
2,1
2,1
2,2
1,1
7,5
28,24
28,24
44.5,50
44.5,50
4.75,35
2.5,7
8,100
5,20
37,35
1.5,1.5
15.5,35
5,5
5.5,2
5.5,2
1,1
6,3
6,3
1.5,1.5
27.75,50
21.62,30
1,1
0.5,2
4,11.5
9,8
3,3
4.5,7
2.75,3
2.75,3
2.75,3
45.5,150
3,3
3.5,0.5
3.5,0.5
3.5,0.5
3.5,0.5
3.5,0.5
3.5,0.5
3.5,0.5
11.55,7
1.5,1.5
2,2
2,2
8,7
6.45,7
26.5,14
26.5,14
2,2
2,2
19,21
7,1
2,2
2,5
76.25,70
11.5,7
11.5,7
18,200
18,200
1.5,1.5
13.45,21
13.45,21
13.45,21
13.45,21
2.5,1.5
13,20
0.86,1
1,1
5.5,10
5.5,10
28.5,50
1,35
27,99
1.5,3
40,40
1,1
2.25,2.5
2.25,3
1.5,1.5
4,4
22.75,14
22.75,14
22.75,14
28.4,100
14.5,10
14.5,10
7,7
0.75,0.75
61.59,30
11,50
2,2
1,1
28.5,63
2,7
88.5,50
23.5,21
1.5,0.5
1.5,0.5
1,2
115.33,35
115.33,35
115.33,35
41.5,20
4.5,2
4.5,2
2,2
1,1
8.75,14
1,1
2,2
8.5,35
65.5,70
4.2,5
2.45,3
2.45,3
1,1
2.5,2
16.5,7
3,3
1.5,1.5
17.5,21
17.5,21
2,2
0.25,0.25
6.25,4
1.5,0.5
1.5,0.5
1.5,0.5
17.5,100
128.25,21
128.25,21
128.25,21
2,2
5.5,70
2.5,2.5
7,7
1.25,1
27.5,35
27.5,35
20,3
20,3
20,3
20,3
20,3
20,3
20,3
2.25,1.5
2.25,1.5
2.25,1.5
196.9,200
196.9,200
196.9,200
35.94,21
35.94,21
8,2
151.5,150
151.5,150
151.5,150
8.5,7
1.5,1.5
2,1
0.7,0.75
3.87,1
16.75,200
3.5,2
3.5,2
43.89,45
0.73,10
7,49
3,3
1.75,1.5
1,0.5
27.25,50
1.5,20
7,50
7,50
34,49
34,49
5,7
10.12,21
1,1
2.5,2
1,2
1.25,1
9.95,35
85.71,150
85.71,150
85.71,150
3.5,14
3,7
5.5,7
4,3
2.5,28
5,1
5,1
5,1
5,1
5,1
1.01,0.5
38.84,35
38.84,35
16.28,35
16.28,35
16.28,35
175.75,35
4.75,35
2,7
1.75,2
1.5,1.5
2,2.5
5,7
10.4,10
10.4,10
6,5
0.5,2
4,4
2,2
2.75,2
12,21
1,1
33.5,28
3,3
6,1.5
6,1.5
6,1.5
6,1.5
1,7
0.4,0.5
5.8,1.5
5.8,1.5
5.8,1.5
2,2
4.25,7
9.5,20
2.5,7
1.5,0.5
3.5,7
23.96,7
23.96,7
2,2
1.5,1.5
10.5,21
13,7
13,7
207.5,70
207.5,70
1,1
7,40
1.75,14
16,21
2,2
7,7
7,7
2,2
21,7
1.5,1.5
4.25,2
3,0.5
3,0.5
3,0.5
3,0.5
3,0.5
3,0.5
35,100
2.2,1.5
1,1
8.5,5
2,2
5,5
0.5,0.5
2,20
2,20
47.25,100
47.25,100
4,4
2.5,1
2.5,1
2.5,1
5.25,7
0.5,1
24.16,35
24.16,35
5.5,3.5
18.12,45
2.91,30
6,4
1.02,1.4
2,2
4,3
8.5,5
8.5,5
11.5,7
2,4
2,1.5
0.21,1
3,15
1.7,2
0.25,0.25
126.5,100
1.5,14
6.5,10
1,14
1.02,0.5
16.15,14
16.15,14
0.5,0.25
32.5,14
9,14
0.44,1
2.5,1
4,4
21,21
18.73,35
0.5,0.5
1.25,1.5
1,1
8.25,1.75
8.25,1.75
8.25,1.75
8.25,1.75
8.25,1.75
8.25,1.75
1.75,2
1,1
2.5,1
1,2
3,35
0.27,0.5
1.5,1.5
0.5,1
4,3
1,1
14,7
14,7
7,140
1.25,1.25
26.5,49
8,7
4,4
5.5,7
3,3
2.5,7
2,2
0.32,0.5
5,28
5,28
2.5,3.5
115.26,150
115.26,150
0.25,0.5
1.25,1.25
1,1
1,7
2,2
2,2
0.5,1
2,2
9.5,35
3,49
12.92,30
2.5,3
1,0.5
0.24,5
1,1
3,4
3.5,14
1.25,1.25
3.5,3.5
2.5,2.5
4,21
15,21
117.7,70
117.7,70
117.7,70
117.7,70
117.7,70
117.7,70
76.38,70
76.38,70
1.25,1.25
1,1
7,28
40.5,35
40.5,35
4,4
7,6
1,1
105.68,100
105.68,100
105.68,100
1.5,2
1,1
69.43,200
69.43,200
14,49
14,49
1.25,1.25
2.75,2
7,7
8.76,12
0.25,0.25
0.5,0.5
4.25,14
1,7
3.5,10
3.5,10
2,2
41.68,7
1.25,1.25
1,1
4,10
4,10
5.2,7
0.75,1
5.74,1
5.74,1
5.74,1
5.74,1
5.74,1
5.74,1
5.74,1
3.75,3.5
3.75,3.5
3,3
14.75,21
14.75,21
5.5,7
10,14
10,14
1.25,1.25
12.5,14
5,2.5
5,2.5
35.75,35
0.66,1
26.71,25
7.6,7
2,2
22.25,35
13.25,14
2.5,3
1.25,1.25
3.75,0.75
3.75,0.75
3.75,0.75
3.75,0.75
3.75,0.75
2,2
48.25,21
48.25,21
1,7
44,21
44,21
0.25,0.25
8.86,7
5.34,7
49,70
5.5,20
39.55,35
1,1
10.5,49
5.5,5.5
11,14
33.67,35
9,14
3,4
44,49
17,21
1.25,1.25
3,7
7,28
46,4
27.5,14
129.97,35
1,0.5
1,0.5
3.2,2.5
3.2,2.5
19.74,30
1.25,1.25
4,2
4,2
3.5,3.5
2.75,10
2,49
0.25,0.25
120.4,100
1.25,1.25
1.5,1.5
0.5,1
1,1
3.5,200
158.9,99
158.9,99
158.9,99
21.5,49
28,21
14,7
14,7
1,1
44.5,21
4,14
1.25,1.25
5.25,14
11.5,21
2.6,7
2,2
1.25,1.25
5.25,21
14.25,2.5
14.25,2.5
15.4,21.5
22,3.5
37.5,10
37.5,10
37.5,10
26.5,28
1.25,1.25
89.75,35
22.3,30
1,1.25
10,28
3,3
1.25,1.25
8,7
5.5,5.5
3.5,3.5
11,14
2.41,1
1.25,1.25
54.59,35
7,2
5,21
4,14
3,5
1.75,1.75
6,26
1.25,1.25
6.75,7
2,2
55.3,80
7,7
28,30
23.29,7
13,14
2,2
85.75,70
11.75,7
77.8,21
77.8,21
1.25,1.25
110.75,50
2,2
3.22,70
0.75,0.75
1,1
2,2
24.14,25
1.25,2
1.25,1.25
0.5,0.5
11.5,28
3.5,3
2,40
2,2
4.5,14
1.75,0.5
4.5,14
0.5,2
16.9,50
16.9,50
1.25,1.25
4,4
1.6,14
7,21
2.6,4
2,28
2.5,2.5
1.75,1.75
5.2,28
5.2,28
3,3
1.25,1.25
1,2
3.5,14
3.5,14
53.78,70
3,50
55,14
2.5,2.5
6,20
3.75,1
41.5,100
2.25,3
1.25,1
1.25,1.25
28.46,25
60.3,100
60.3,100
2.25,2.5
2.87,35
1.1,2
2.5,2.5
1.5,1.5
200.83,50
4,3.5
4,3.5
1.25,1.25
3.5,3.5
4,4
3,3
0.5,0.5
1.25,1.25
3.5,3.5
1,1
1.5,1.5
1.25,1.25
6,6
0.88,2
1,1
0.65,0.5
0.84,7
30.07,30
0.93,14
1,1
3.5,2
1.5,1.5
5.23,7
1.25,1.25
8.22,3.5
8.22,3.5
13,28
41.73,21
9,14
1,1
13.5,14
25,35
12.5,7
67.52,30
67.52,30
67.52,30
14,14
1.25,1.25
7.25,10
14,3.5
14,3.5
14,3.5
14,3.5
3,1
3,1
0.5,0.5
8.75,3.5
4,5
1,1
7.5,14
1.25,1.25
5.5,14
3,3
14,7
1,2
3.23,35
16,14
5.5,7
2.5,2.5
4.5,1
4.5,1
4.5,1
20.25,60
9.12,35
1.25,1.25
18.08,21
18.08,21
26,99
3,3
1.25,7
3,3
5.5,30
83,40
83,40
1.5,3
2,2
3.19,2
2.95,7
3,7
8,7
8,7
1.25,1.25
22.5,14
1,3
0.75,1
9.18,30
34.01,35
65.5,70
23,200
2.5,3
1.25,1.25
3.5,3
26.5,2
3.5,3.5
1.5,1.5
10.5,8
9.5,3.5
2,50
10.98,35
1.25,1.25
2.8,3
7.2,3.5
3,3
1,1
3.5,2
3.5,2
104.44,50
104.44,50
104.44,50
15.3,30
15,99
3,3
18,40
4.25,1
12.25,7
12.25,7
2.36,2
1.5,1.5
1.85,2
4.08,2
2.5,2.5
3.5,3.5
26,21
12,6
12,6
5.8,2
0.58,1
40.88,35
0.78,1
3.85,3.5
19.97,25
1.5,1.5
14.5,3.5
14.5,3.5
0.56,1
1.15,1.5
3.25,21
3,14
23.89,21
23.89,21
0.84,3.5
1.88,35
63.78,35
63.78,35
32,14
163.79,35
163.79,35
13.54,7
13.54,7
5,49
1.25,1.25
9,14
6,3
50.22,35
1,4
22.28,35
22.28,35
37.98,35
37.98,35
1.05,3.5
6.22,7
166.13,70
166.13,70
166.13,70
21,28
0.25,0.25
1.25,1.25
2,2
2.16,21
9,3.5
9,3.5
9,3.5
7,3.5
7,3.5
2,2
1,2
53.5,14
0.5,2
1.25,1.25
3,1
3,1
3,1
1,7
4,4
5.5,21
3,3
3,3
4.88,21
8,14
5,3
1.5,1.5
156.95,35
1.25,1.25
15,35
10.53,21
10.53,21
4,4
4.25,3.5
4.5,4.5
4,1
4,1
4,1
4,1
4,1
0.5,0.5
31.66,25
0.25,0.25
1.25,1.25
10.5,14
2,4
5.5,5.5
11.5,35
11.5,35
10.37,14
107.49,35
0.5,2
10,2.5
10,2.5
10,2.5
10,2.5
1.25,1
149.5,28
149.5,28
5,5
2,2
1.22,1
1,1
3,3
7,7
4.42,7
1.25,1.25
2,2
3.5,3.5
11,8
1,7
10.5,7
1.25,1.25
0.5,0.5
0.5,4
4.5,4.5
3,1
21.66,28
1.22,2.5
4.5,1.5
4.5,1.5
4.5,1.5
2,2
1.25,1.25
4,4
4.5,7
5,3.5
25.5,14
0.41,20
7.59,35
7.59,35
31.17,7
31.17,7
31.17,7
19.37,14
2,2
4,1.5
3,3
2.5,2.5
1.25,1.25
8.03,7
11.75,5
0.5,0.5
1.5,1.5
0.75,1
0.25,0.25
21.25,14
0.5,0.25
0.5,0.5
2,1
2,7
0.25,0.25
1.25,1.25
15,10
2.75,2
2,2
3,3
3,3
8.25,3.5
6.06,7
1.5,1.5
53.83,70
0.5,0.25
1.25,1.25
0.5,0.5
1,2
2.75,3
14.5,7
4.5,4.5
1,2
22.25,14
0.25,0.5
2,1
2,1
1,1
1.25,1.25
1.25,1
1.25,1
2.5,2.5
3,3
6,5
1,1
107.5,70
107.5,70
2.5,6
0.5,0.5
9.5,7
19.5,14
0.35,0.5
2.25,2.5
1.25,1.25
0.25,0.25
1.75,3
3.5,3.5
5,7
5,7
0.75,1
0.75,1
2.5,3
0.25,0.5
1,1
14,3.5
14,3.5
14,3.5
14,3.5
2,2
1.25,1.25
0.5,0.5
5,3.5
1.5,1.5
7,21
2.94,7
0.75,0.5
33.25,49
33.25,49
1,0.5
5,3.5
1.5,1.5
2.5,2.5
0.5,0.5
4,3.5
15.5,21
6,7
0.5,2
0.5,0.5
1.25,1.25
11,21
0.5,0.5
3,3
0.25,0.25
8,7
1,1
5.75,3
35.76,35
7,7
2,1
0.5,0.5
0.5,1.5
8.43,20
0.5,0.5
2.5,2
0.5,0.5
1.25,1.25
4,3
0.5,0.5
1,1
16.5,3
5,5
2.75,3
7,9
75.5,35
75.5,35
3,3
1.25,1.25
14.5,10
3.25,3.25
1.75,1.75
2.5,1
2.5,1
2.25,0.5
4.5,3
7.25,7
7.25,7
5.78,7
1.25,1.25
0.25,0.25
1.75,5
20.39,21
3.5,3
1.5,1.5
3,3
2,4
1,1
2.5,1
2.5,1
2.5,1
3.5,3.5
1.5,1.5
70.8,28
1.5,1.5
4,4
10,14
2.5,2
10,7
2,2
1,1
2.5,2.5
2,2
2.5,2.5
21.1,20
3,3
96.75,50
96.75,50
1.5,1.5
22,3
0.5,1
6,3
1.5,2
4,28
5.15,7
5.15,7
7.75,3
35.5,10
2,2
1.5,1
1.25,1.25
1.59,35
2.5,2
3.25,3
5.75,3
3.5,3.5
1.75,1.75
2.5,1
0.25,0.25
12.5,21
3.5,4
25,3
65.5,70
65.5,70
17.69,35
4.5,4.5
0.5,0.25
17.42,7
17.42,7
1.25,1.25
0.5,0.5
5,5
6.5,7
75.78,21
2.75,21
2.75,21
0.79,1
3,2
1.25,1.25
0.25,0.25
3.5,3
0.5,0.5
4.75,0.5
4.75,0.5
4.5,4
7,5
17.5,28
16.96,22
0.33,0.33
0.25,0.25
4.5,4
1,1
21.5,3.5
4,4
1.75,2
1.25,1.25
3,3
1.5,1.5
37,14
3,3
12.5,8
0.25,0.25
10.5,5
6,3
6,3
1,0.5
1,0.5
4.5,4.5
1,0.5
3,3
0.25,0.25
1.25,1.25
8.75,2
8.75,2
8.75,2
8.75,2
8.75,2
1.5,1
3,3
2,2
6.25,5
1.9,7
77.8,49
9,4
2,2
1,1
7.5,3
7.5,3
8,0.5
1.25,1.25
3,3
3,1.5
3,1.5
4.5,5
27.94,35
0.5,35
9,9
2,1
2,1
2,2
2.5,2.5
1,1
1.5,1.5
12,14
171,30
3.05,3.5
1.5,49
1.25,1.25
13,2.5
55.05,35
55.05,35
1,1
6,2
6,2
6,2
4,4
5,1
5,1
5,1
5,1
5,1
44.75,99
1,1
111.75,21
111.75,21
111.75,21
2.86,3.5
1.09,7
30.61,22
6.02,7
67.71,140
67.71,140
11.05,15
3,3
3,3
0.5,0.5
3.25,10
1.25,1.25
2.5,2.5
5,5
3,3.5
1.25,1.25
1.5,0.5
0.5,0.5
0.5,0.5
2,1
2.75,2
0.5,1
108.77,70
12.25,10.5
12.25,10.5
10.5,3.5
1.25,1.25
7,3.5
7,3.5
2,2
3,3
10,7
3.25,3
0.25,0.25
2,2.5
0.75,0.5
1.75,0.75
3,3
8,21
1.75,1
0.82,1
7.5,1
7.5,1
7.5,1
7.5,1
7.5,1
2.25,2
2.25,2
3.5,3.5
4,4
4,4
0.33,0.33
47.56,35
47.56,35
1,3
2,49
0.5,0.5
1.25,1.25
0.5,0.5
13,14
2.5,1
2.5,1
2.5,1
9,21
9,21
3,3
39,35
39,35
39,35
39,35
5.5,14
7,7
4.5,3.5
1.5,1.5
3.5,3.5
1.25,1.25
3.83,7
3.83,7
5,5
98.85,35
98.85,35
98.85,35
0.5,0.5
6,1.5
6,1.5
6,1.5
6,1.5
3.5,3.5
7,7
3.15,7
1.25,1.25
5.86,14
6.94,7
6.94,7
104.8,7
23.5,14
1.25,1
1.25,1.25
3.5,3
3,3
2,2
25.5,35
14,10
14,10
5.5,5
82.15,49
82.15,49
6,7
175.19,210
1,1.25
2.5,2.5
3,3
2,3.5
6.5,10
5.05,25
1.5,1.5
3,0.5
43,7
43,7
1.25,2.5
1.25,1.25
1,1
0.5,1
9.5,21
4,4
68,21
4.5,1
3.5,3.5
6,2
6,2
2,2
1.25,1.25
1.5,3
3,3
18.5,70
18.5,70
2.25,2
11.5,28
1.25,1.25
0.25,0.5
13.5,84
9,14
1,1
3.5,3.5
4.5,21
4.94,25
1,2
1.25,1.25
5,5
6,49
1.5,1
2.5,0.5
2.5,0.5
2.5,0.5
2.5,0.5
2.5,0.5
3.5,3.5
39.5,14
1.89,2
14,8
2.5,1.5
1.2,21
2.72,7
30.7,35
30.7,35
0.5,0.5
1.25,2
1.25,1.25
0.87,1
8,3.5
6.25,1.5
6.25,1.5
6.25,1.5
6.25,1.5
6.25,1.5
5,5
3.8,3.5
2,3.5
0.75,1
2.7,2.7
5.72,2.5
5.72,2.5
26.51,21
5.42,3.5
6.45,7
5.5,7
0.5,0.5
1.25,1.25
143.22,100
143.22,100
143.22,100
1,1
8.5,3.5
8.5,3.5
7.28,7
0.76,1
3.5,3.5
2.18,3.5
2.33,2.5
0.38,0.5
6.24,7
65,35
8.5,10
2.5,2.5
3.5,4
2.25,2
1.25,1.25
5.5,2
5.5,2
3.73,7
0.83,2
3,3
13,12
3.6,1.5
3.6,1.5
25,21
13.48,21
4.02,2
3.27,7
0.25,0.25
0.5,0.5
0.5,2.5
2.89,0.75
3,7
5.75,5.5
0.25,0.5
0.5,0.5
1.25,1.25
17,14
24.9,14
14.14,35
6.06,15
1.5,1.5
3,1.5
3,1.5
2.5,2.5
12,10
18.14,14
18.14,14
0.25,0.5
8.5,7
1.25,1.25
2,2
6,3
6,3
4.74,1.5
2.5,2.5
7.95,4
8,14
28.54,14
28.54,14
7,7
5.83,3.5
10.5,7
5.75,4
5.75,4
1,1
3,3
3.5,3.5
2,2
5.75,2
15.75,7
44.5,35
1,1.5
8.22,3.5
1.25,1.25
2.75,2.5
3,3
95,70
55,14
7,3.5
7,3.5
3.5,3.5
3.5,2
0.25,0.25
16.5,4
0.25,0.25
2.5,0.5
2.5,0.5
1.25,1.25
23.33,24.5
9,3
9,3
2.5,2.5
1.25,1.25
1.5,1.5
0.5,0.5
2.7,10
3.5,2.5
1.2,1
1,0.5
14,7
14,7
21.37,14
2.93,3.5
1.25,1.25
0.75,1
128.7,42
128.7,42
128.7,42
48.92,70
4,4
69,100
69,100
2.25,0.25
0.25,0.33
0.25,0.25
2.75,2.5
0.5,0.33
13.4,35
13.4,35
1.25,1.25
6,3.5
0.75,2
0.25,0.25
2,2
2.25,3.5
0.25,0.25
2.25,1
6.82,35
1.25,1.25
14.71,14
14.71,14
2.66,2
16.73,21
0.5,0.5
2,2
10,7
13.75,7
13.75,7
13.75,7
0.25,0.5
4.25,3
1.25,1.25
3.5,3.5
35.54,14
35.54,14
35.54,14
18.82,9.82
18.82,9.82
0.95,3
3,3
7.5,3
10.5,14
7,3.5
7,3.5
1.75,0.25
2,2
12.5,2.5
12.5,2.5
12.5,2.5
12.5,2.5
12.5,2.5
0.5,1
2,2
1,1
1.5,1
1.75,0.5
1,1
3.5,3.5
10.47,35
16.35,14
1.25,1.25
12.73,21
3,3
93.96,70
11.22,10
12.5,14
0.75,1
13,21
1.5,1.5
1.25,1.25
3,2
0.33,0.5
17,21
16,14
2.25,5
0.33,0.33
5.93,7
3.5,3.5
38,21
38,21
3.5,3.5
1,1
24,14
18.25,4.5
0.5,0.5
1,0.5
3,1
1.25,1
10.62,10
0.25,0.25
2.25,1
11.55,14
48.27,15
4.5,4.5
5,2.5
5,2.5
42.5,35
3.5,0.5
3.5,0.5
3.5,0.5
3.5,0.5
3.5,0.5
3.5,1
1.75,1.25
18,14
0.5,0.5
87,50
5,5
27.5,99
2.5,4
10.5,3
25.61,21
0.5,0.5
10.5,21
0.25,0.25
4,4
4,4
29.5,21
7,7
7,7
7,1.5
7,1.5
7,1.5
7,1.5
7,1.5
4,2
4,2
4,2
4,2
4,4
2.5,2.5
1.25,1
32.5,28
0.75,1
1.86,5
4,4
2.5,2.5
2.06,3.5
1,1.5
2,2
2.5,2.5
11.22,15
21.27,35
48,50
0.5,0.5
2.5,2.5
1,1
0.33,0.33
1,1
9.93,21
9.93,21
1.25,1.5
0.25,0.25
5,5
6.5,5
9.48,14
4,4
0.33,0.33
1,1
0.25,0.25
3,3
0.25,0.25
8,8
0.25,0.25
2.56,7
2.29,5
4,3.5
4.5,4.5
2.93,35
1,1
2.67,3.5
1,1
6,6
25.25,49
25.25,49
27.82,21
4,2
4,2
1,2
6,3
6,3
51.76,35
5.5,5.5
27.5,21
13.5,49
4.5,4.5
8,2
8,2
8,2
8,2
3,3
28,14
28,14
0.5,0.5
1,1
6.8,5
6.8,5
3,3
4.5,2
4.5,2
7,49
3,3
5,5
7,14
2,2
0.5,0.5
14.5,14
0.5,0.5
35.27,35
26.41,50
13.46,21
24.84,12
0.78,15
5.25,3.5
1.75,2
1,2
0.75,0.75
1,1
16,7
16,7
4,4
0.5,0.5
3,3
3,3
1,1
4.5,5
1,1
0.5,0.5
0.25,0.25
0.25,0.25
4.5,4.5
3,3
25.28,35
25.28,35
4,4
1,1
7.5,7
3.5,1
3.5,1
3.5,1
3.5,1
2,2
2.5,2
2.5,1.5
0.25,0.25
14.5,17
25.75,28
4,4
0.25,0.25
66.5,70
0.5,1
3,1.5
3,1.5
3.5,3.5
50.5,14
50.5,14
2.25,50
7,7
80.5,40
5.75,5
1.5,1.5
4.5,99
0.5,0.5
1,1
47.5,21
1,1
8,7
4,4
2,2
1.25,1.25
2,2
2,2
0.5,0.5
3,3
3.5,2
2,2
21.34,15
1.5,1.5
8.2,7
8.2,7
5.32,7
4.75,3.25
14.97,50
7,7
1.5,2
3,2.5
1.5,1.5
1.5,1.5
1.5,1.5
4.25,3
0.75,1
1.5,1.5
2,2
0.5,0.5
8.5,9
0.88,3.5
2.84,3.5
3.42,14
3.42,14
1.88,2.5
5,21
3.63,7
3.5,3.5
2.5,2.5
24,14
17.2,21
1.02,3.5
9.41,14
7,7
43.55,21
43.55,21
43.55,21
4,2
4,2
4.52,7
3,3
5.75,14
8.59,7
7.16,10
1.89,7
0.75,0.5
2,2
41.25,28
1,1
121.5,35
0.5,0.5
7,7
4,4
2,21
4.5,3.5
5.7,14
2,2.5
16.91,25
3,3.5
2,2
3.9,2
3.9,2
9,35
31.43,20
2.99,10
11,14
1,1
1,0.5
1.12,3.5
17.26,14
1.75,0.75
2,7
2,3
2.5,2.5
1.5,0.75
1.5,0.75
134.75,35
134.75,35
20.25,100
20.25,100
4.37,7
18,18.5
3.03,3.5
0.5,1.5
3,3
8.46,3.5
8.46,3.5
8.46,3.5
0.5,0.5
15.59,14
5,5
2.5,1.25
4.5,7
4.5,4.5
8,16
1.25,1.5
0.5,3
5.37,7
4.69,10
57.5,140
5,5
0.36,3.5
6,14
2.5,2.5
13.5,3
13.5,3
13.5,3
13.5,3
13.5,3
13.39,17.5
8,7
0.25,0.25
10,49
4,4
13.65,14
3.5,3.5
5,5
7.1,70
2.5,2.5
3,2
3,2
3,2
38.2,35
3,3.5
2,2
0.25,0.25
0.5,0.5
3,3
1.75,1.75
6,3
6,3
9.21,20
12.79,35
5.5,10
1,1
1,0.5
1,0.5
3,3
1.5,3
1.5,3
3.5,3.5
1.5,4
46,49
46,49
12.5,5
2,3
3,3
16,7
52,21
52,21
1,1
14.46,21
25,21
25.2,21
10.5,3.5
7,7
1.5,3
3,7
3.5,3
79.5,35
1,0.5
4.25,3.5
13.58,18
2.5,2.5
2,1
2,1
208.65,70
208.65,70
50.75,28
8.25,8
9.5,4
5,5
35.5,27
12.5,8
3.5,2.5
0.5,0.5
10.32,15
12.34,15
4.51,14
1.5,2
0.75,1
0.75,1
4.05,2.5
4,4.5
13,21
2,2
4,4
2,2
10.38,35
12,14
2.75,2
2.75,2
16,21
16,21
26.52,14
3,3
41.25,105
1.5,50
28,50
2.5,2.5
8,3.5
8,3.5
9,9
43.94,35
2.5,7
3,3
4,1
4,1
4,1
5,7
13,8
13,8
4,4
4,4
2.75,3
5,2.5
5,2.5
5,5
2.5,2.5
23.5,5
23.5,5
2,2
1.5,1.5
46.65,28
2.5,3.5
28,10
4,4
7.5,7
2.5,3
1,1
6.24,7
5.37,3.5
2.75,7
2.75,7
2.5,2.5
1.5,1.5
2.5,1.5
15.83,21
1.75,1
10,2
10,2
10,2
10,2
10,2
12,10
112.64,14
112.64,14
112.64,14
3.56,7
8,14
3,3
6.4,2
6.4,2
9.3,49
3,3
1,1
1,2
0.25,1
3,2
3,2
14.21,15
34.1,35
2.25,0.5
6.1,35
0.75,0.75
35.5,21
0.5,0.5
82.42,35
82.42,35
82.42,35
7.5,14
2.5,2.5
3.5,3.5
19.5,28
2.5,1
1,1
5.93,15
51.25,99
16.32,14
16.32,14
18.5,6
4,4
5,5
2.25,1
0.5,0.5
2.7,2.5
9,4.5
2,1
2,1
2.07,3
2.66,2.5
21.71,14
21.71,14
28.5,40
20,7
0.75,0.75
0.75,1
0.25,0.5
7.5,6
2,2
63.41,35
63.41,35
63.41,35
1,1
3,3
2.39,15
2.5,2
18.93,15
35.68,15
35.68,15
8.12,14
19.01,11
19.01,11
7,2.5
7,2.5
6,8
3.5,3.5
18,8
1.46,2
0.39,1
3.22,3.5
1.5,1.5
2,1
0.62,1
2,2
28.5,10
0.89,2.5
3.5,3.5
3,3
2,2
3,3
2,2
2.5,2.5
0.33,0.5
1,3.5
4,2
4,2
218.25,5
218.25,5
0.83,1
3,7
10.51,14
10.51,14
0.75,1
2,2
3.5,3.5
8.55,14
1.75,1
24.5,7
3.5,3.5
11,10
3.5,3.5
1,1
3.5,3.5
28.26,28
2,2
0.5,0.5
2.5,3
4,4
0.5,99
71,98
2.55,2
8.25,7
1,100
2.5,4
5,5
2,70
9,100
3,100
2.5,2
22.51,25
8.23,2.5
8.23,2.5
2.5,3
3,3
2,2
20,21
14.19,14
14.19,14
14.19,14
14.19,14
37.54,18
37.54,18
9.71,5
5,2
28.31,16
162.68,100
14.9,14
14.9,14
15.38,21
15.38,21
2,2
9,21
5,5
6.5,3.5
13.88,14
13.88,14
24.99,35
24.99,35
3,3
3.5,3.5
2.5,2.5
1.17,2
3.5,50
17.79,2.5
24.72,28
24.72,28
2.08,2
10.5,11
0.64,1
2,7
6,6
5,5
1.5,1.5
1.5,1
21.5,4.5
21.5,4.5
21.5,4.5
0.18,35
0.94,2
0.25,0.25
2,3.5
1,1
1,1
4,4
4,4
3,2
19,14
19,14
1,1
3,3
2,2
1.5,1.5
62.88,14
62.88,14
3.5,3.5
6.32,35
6.32,35
12.37,25
39.08,35
39.08,35
3,3
0.5,0.5
1.25,1
8,14
2.5,2.5
1.5,1.5
4.44,3.5
1,1.5
2,2
4,4
11.5,2
11.5,2
11.5,2
11.5,2
11.5,2
3.87,35
13.51,28
1.62,2
7.5,7
0.5,14
3,3
1,1
6.86,35
6.86,35
5.75,35
1.5,1.5
11.5,10.5
37.44,35
0.5,1
0.5,1
3.5,35
3,1.5
3,1.5
1.83,1.5
1,1
14,9
14,9
3.46,2.5
3.46,2.5
1.67,1.5
10.35,3.5
10.35,3.5
5,1
5,5
1.5,21
3.5,3
148.75,99
37.22,35
3.5,3.5
6,14
8.97,7
2.3,35
2.3,35
2.3,35
31.92,7
31.92,7
6.5,49
1.14,35
3,1.5
7,21
37.5,35.5
6,7
6.82,7
5.7,35
15.95,15
7.63,4
0.5,0.5
1.67,2
3,7
2.5,1
0.5,0.5
0.75,0.5
0.27,1.5
0.5,0.5
11,10
6.5,7
0.5,0.5
0.25,0.5
0.5,5
7,6
10.56,14
10.56,14
19.5,7
0.63,3.5
7,8
3.5,3
10.5,2.5
10.5,2.5
10.5,2.5
10.5,2.5
10.5,2.5
10.5,2.5
1,99
2,1
2,1
0.43,2.5
7.5,35
1,1
7.5,10
7,7
11,28
1.25,1
4,4
2,2
14,21
5.75,35
6.12,3.5
13.08,35
10.64,21
6,3
6,3
19.5,14
19.5,14
2.75,0.5
2.75,0.5
3.5,3
3.5,3
7,14
8.5,7
19.04,18
19.04,18
3.25,14
83.5,49
83.5,49
7.5,1
7.5,1
1,0.5
10.55,15
90.7,140
90.7,140
7,14
7,7
6,14
6,14
13,14
13,14
13.25,21
13.25,21
13.5,21
13.5,21
9.75,7
9.75,7
6.5,3.5
6.5,3.5
4,4
4,2
4,2
11.5,7
0.33,0.5
11,21
9.17,3.5
9.17,3.5
1.5,0.75
1.5,0.75
5,5
2,2
2,2
1,1
8,14
3,3
15.3,21
1.76,100
1.21,1
1.03,1.5
1.3,3
1.12,2
19,10
19,10
9.25,14
1,3.5
1,1
2.5,2.5
3,3
0.3,0.3
5.51,7
1,1
0.5,0.5
0.5,0.5
17,21
0.5,0.5
0.25,0.5
22.5,35
0.5,0.5
2.5,2.5
3,3
1,1
3,3
3,3
6,6
1,1
2.5,3
0.25,0.5
7,7
7,21
4.5,14
13,14
1.5,1.5
0.5,0.5
7,14
2.75,1
4.75,1
4.75,1
4.75,1
4.75,1
4.75,1
4,4
3,3
3,10
0.5,0.5
1,1
2,35
4,4
7,14
4,4
0.5,1
3,3
4,14
3.68,5.5
11.6,20
7,10
14,21
7,7
2,3
5,12
2.53,35
4,4
10,14
4,4
10,10
4.5,4
3,3
4,10
8,7
2.5,2.5
6.99,35
1,1
13,6
14,14
15.5,7
11.5,4.5
11.5,4.5
6,5
3,3
4,15
5,5
5,3
4.5,4.5
21,7
45.25,21
45.25,21
3,3
11,11
1,0.75
1.25,0.5
3,3
0.5,0.5
3.5,3.5
7,7
1.5,21
2.25,1
11,11
4.25,3
1.5,0.5
25.27,15
221.37,200
221.37,200
5.09,35
5.99,35
5.99,35
6,5.5
4,4
33.41,70
5.25,99
1,1
3,3
6,4
1.5,14
16,7
20,21
14,12
1.5,2
0.75,0.5
4.5,4.5
3,3
7,150
7,150
3,2
3,2
0.5,1
2,3.5
8.9,28
3.5,21
4,2
4,2
5,2.5
5,2.5
4,4
2,2
2.25,3
2.5,2.5
2.94,7
1.24,3.5
2,35
1.5,1.5
2.5,2.5
3,3
4,4
36.5,35
36.5,35
1.39,14
1.5,1.5
58.86,7
58.86,7
58.86,7
58.86,7
58.86,7
58.86,7
36,35
0.52,1
0.26,1
2.5,0.5
2.5,0.5
2.5,0.5
2.5,0.5
2.5,0.5
1.63,2.5
0.5,0.5
0.5,0.5
0.76,3.5
0.5,0.5
12,12
0.88,2
6.32,2
7,7
0.5,0.5
0.5,2
79.5,35
2.5,2.5
21.09,25
2.12,2.5
36.5,35
3,3
10.13,7
0.5,0.5
4.81,7
90.75,70
90.75,70
1.5,1.5
23.5,24
2,1
27,28
1,7
0.33,0.33
3.5,3.5
1.5,1.5
1,1
4,7
2,2
1,1
2,5
10.5,3
16,4
12,2
12,2
12,2
12,2
12,2
12,2
2,2
7,3.5
60,50
3,3
2,2
17.5,2.5
17.5,2.5
17.5,2.5
17.5,2.5
17.5,2.5
17.5,2.5
17.5,2.5
1.5,1.5
1,1
5,2.5
5,2.5
1,1
1,1
6.91,22
2,2
1,50
0.5,1
0.5,0.5
26.75,21
26.75,21
29.25,14
0.25,0.25
2,30
1,1
1.5,1.5
30,60
1,1
0.25,0.5
1,1
3,7
42.5,14
14.5,7
30,21
0.5,0.5
1,2
4.8,4.5
5,5
0.5,0.5
27,3
27,3
27,3
27,3
27,3
27,3
7,1
7,1
3,3
2.71,35
0.25,0.25
0.25,0.25
3.5,3.5
109.03,70
109.03,70
0.75,0.5
0.75,0.5
0.5,1
11.5,35
0.25,0.25
1.3,2
70.5,70
9.5,3
9.5,3
9.5,3
9.5,3
0.5,0.5
0.5,1
21.25,21
3,3
40.5,14
3,1
1,2
14,2
87.5,80
0.5,0.5
3.29,3.5
3,3
1,1
0.5,0.5
7,7
1,2.5
26.22,21
0.5,0.5
2.5,2.5
5,2.5
5,2.5
14,2
14,2
14,2
14,2
14,2
14,2
14,2
35.49,21
35.49,21
15,1.5
15,1.5
15,1.5
15,1.5
15,1.5
2,2
47.87,7
47.87,7
47.87,7
47.87,7
47.87,7
47.87,7
10.39,14
1,1
12.5,70
3,7
0.25,0.25
3.04,7
2.12,3.5
4,4
52,42
14.57,7
0.75,1
1,1
22,40
19.53,12
3,3
11.08,14
0.75,0.75
6,3
10,14
10,14
2.5,2.5
0.5,0.5
11,21
1,3.5
2.5,7
5,1
15.25,7
0.5,1
4.75,2
1,35
7,3.5
7,3.5
21.5,28
1,1
0.5,0.5
8.5,5
8.5,5
1,1
11.5,14
3.5,3.5
11.5,2.5
12,6
6.5,4
1.75,1.5
4.75,7
4,4
15.25,14
14,21
39.8,35
39.8,35
11.25,21
3,3
0.91,2
1.36,1
3,2.5
3,3
16.59,14
1.5,1.5
0.5,0.5
21,3
21,3
21,3
21,3
21,3
21,3
21,3
1.5,1.5
1.7,1
2,1
1,0.75
0.25,0.25
204.42,140
204.42,140
93.5,21
93.5,21
93.5,21
93.5,21
93.5,21
93.5,21
13.39,14
2.43,3.5
3.5,3
1.22,1.5
0.19,35
1.2,0.5
12,7
3.5,3.5
0.75,0.5
3,3
5.75,45
13.5,14
2.5,1
0.75,1
53.1,20
1,1
0.5,0.5
19,7
19,7
19,7
19,7
19,7
19,7
2.5,2.5
3,7
10.5,3
3,3
2,2
3.13,1
2,2
8.75,45
6.31,7
2.8,35
2.17,3.5
5.25,14
13.75,2.75
13.75,2.75
13.75,2.75
13.75,2.75
13.75,2.75
5.5,3.5
4,4.5
10,14
4.7,7
2,14
5.5,35
7,14
4.38,5
83.02,35
83.02,35
7,7
0.98,2
2,1
4.79,1
4.79,1
72.4,50
72.4,50
3,3
2,2
3,3
5,5
0.81,1.5
3,3
11,7
1.18,2.5
0.5,0.5
1.27,1.5
5.26,3.5
14,21
3.52,7
6.5,7
50.7,15
50.7,15
33.47,28
0.22,1
5.43,28
0.74,1
28.45,60
1.5,2
1,2
0.5,1
1.75,2
0.18,0.2
0.33,0.5
6,3
6,3
3,3
0.49,12
0.49,12
5,3
5,3
5,3
3.5,1
3.5,1
3.5,1
3.5,1
3.5,1
3.5,1
11.75,7
0.32,1
1.5,35
1,35
138.25,120
28,7
28,7
28,7
28,7
1,1
0.5,0.5
0.49,3.5
1,1
0.5,0.25
161.84,35
2.75,99
5,2.5
5,2.5
6.83,3.5
5.32,21
10,5
10.57,10
10.57,10
2.5,2.5
41.77,35
4.15,35
4.15,35
16,10
35.14,30
0.5,0.5
30.77,30
2,7
0.75,1
2.5,1
14.87,25
0.5,20
10,4
0.43,1
1.25,3.5
6,6
2,0.5
2,0.5
2,0.5
2,0.5
5.5,3
1.1,35
1.1,35
0.33,0.5
12.5,99
1.5,14
3.35,10
1,1
7.89,7
1.5,3
1,35
12.25,14
14,7
14,7
16,14
10,21
2.75,2
2,27
5.5,10
2.85,2
1.2,35
4.2,1.5
4.2,1.5
1.5,1.5
20.38,7
22.92,14
9,10
0.33,0.5
1.75,35
9,14
9,14
0.5,0.5
1,35
37.25,70
2,1
2,1
9.37,2
1.54,2
4.5,14
41.23,35
0.25,0.25
16.5,10
16.5,10
14,8
14,8
1.25,7
4.75,7
1.65,15
0.49,1.5
18,35
1.5,1
1,1
6.5,7
9.4,10
40.75,99
18,14
1.48,2
0.5,0.5
70.92,21
148.5,35
148.5,35
3,5
0.89,2
1.63,2
2.81,1
0.87,30
0.24,1
5,5
3,1
3,1
3,1
11.3,1
1.41,1.5
0.81,1
1,3
29.2,10
13.5,9
3,7
13.5,15
2.6,3.5
2.33,1.5
0.76,2
1.5,1.5
1.5,1.5
2.5,1.5
2,2
2,2
2.5,35
1.5,1.5
0.83,1
0.69,1
4.19,3.5
12.5,9
4.24,35
4.24,35
6.57,10
0.35,1
0.5,70
4.58,2
2.2,1.5
8,4.5
8,4.5
0.2,0.2
57,35
54,99
0.34,0.5
0.75,1
2.28,3.5
7.3,3.5
2,2
2,1
5,5
40.86,35
23.87,40
5,5
0.75,5
5.5,5.5
0.39,1
15.97,3.5
1.25,3
0.5,0.5
1.5,1
1.33,0.5
1.5,50
0.75,1
1.25,10
11,14
0.75,1.5
0.76,0.7
0.34,1
6.5,10
10,5
1.5,1.5
10,7
4.75,3.5
139.58,49
0.75,1
3,10
3.5,3.5
51.75,28
1.47,1
0.72,2.5
9.25,7
0.75,1
5.39,5
4,2
4,2
5.5,3
1.25,0.75
4,1
4,1
4,1
4,1
0.73,1.5
0.27,0.75
11.93,14
0.5,5
0.82,1
0.5,0.75
3.12,3.5
17.99,30
2.5,5
0.85,1
0.96,1
0.38,2.5
0.71,3.5
0.87,10
0.57,1.5
0.66,1
65.64,35
9.4,10
1.11,35
4.5,10
1.75,1
2,14
3,3
0.33,0.5
2,2
1.5,1.5
2.01,5
3.5,7
26,21
26,21
52.9,50
3.5,3.5
6,5
1.08,1
20.5,21
1.42,1
32.4,50
2.91,10
11.09,3
16,14
1,1
0.92,1
0.33,0.33
1.16,1.5
7,7
1.19,35
1.5,0.75
1.5,0.75
4,3
4,10
8.34,21
19.75,7
1,0.5
1,0.5
15,14
1,1
22,35
3.56,5
7.84,7
1.23,2
4,2
4,2
1,1
16.68,20
6.95,14
0.75,1
0.75,0.75
0.75,1
1,7
0.5,0.5
1,1
7.5,7
2.84,1
100,100
1.84,2
1.47,2
0.56,0.75
2,1
1.25,1
0.25,2
0.78,1
4.43,21
2,1
13.94,35
2,1
4,2
4,2
1,1
3.96,2
3.96,2
14.75,14
6.1,10
53.9,20
3.33,2
5,10
21.5,35
10.25,1
10.25,1
12,7
2,3
14,8
14,8
3.84,7
6.5,7
12,35
0.5,0.5
0.5,1
23.56,21
2.5,3
1.12,5
1.25,1
3.5,3.5
91,14
91,14
91,14
7,5
5,5
0.25,0.25
5,14
0.75,1
0.5,0.5
1,1
0.75,1
1.25,1.5
27.1,20
6,6
1,1
1.75,1
0.5,0.5
1,2
1.23,2.5
2,2
4.46,3.5
3,5
22.5,14
7.8,10
1.86,5
7,1.5
7,1.5
7,1.5
7,1.5
7,1.5
5,2.5
5,2.5
23.5,10
3,2
3,2
1.25,1
31.16,35
31.16,35
0.25,0.5
4,3.5
1.65,0.55
1.65,0.55
1.65,0.55
5.45,2
5.45,2
5.45,30
10,7
1.5,0.75
1.5,0.75
213.5,99
213.5,99
1.26,2.5
6.38,14
6.38,14
176.59,150
176.59,150
5.5,3
0.33,0.33
23.67,35
4.5,3.5
4.5,3.5
0.25,0.25
10,14
15.5,15
4.5,5
6,4
2.25,1
4,1.5
3,3
27.48,35
5,3.5
0.33,0.5
45.25,70
45.25,70
15.17,21
8.6,10
8.5,7
3,7
24.03,14
24.03,14
0.1,0.1
5.31,3
45,20
45,20
1.5,1.5
4.6,10
26.29,70
2,5
68,21
1.5,1
0.63,1
5,5
2,2
2.87,2.5
0.42,0.8
0.81,1
1,1
4.5,7
0.33,0.5
8,4
8,4
1.5,0.5
1.5,0.5
1.5,0.5
1,2.5
0.68,1
2,1
2,1
0.25,99
0.5,0.5
6.6,14
7.59,3.5
6.85,35
4.5,5
3.9,3.5
3.9,3.5
0.4,0.75
5,3.5
0.74,35
0.74,35
1.5,1
21.53,28
2.15,3.5
28.19,30
2.13,1
2.13,1
2.13,1
0.75,1
1,1
1.5,1
10.5,14
5.1,5.1
7.6,7
2,2
13.8,10
13.8,10
1.62,1
1.62,1
2,2
2.5,7
0.5,1
2,3
24.7,21
16.5,4
0.8,7
5.81,7
5.81,7
2.5,1
65.47,100
65.47,100
4.5,2.5
39.6,20
7,7
3,2
2,1.5
1.56,35
1.56,35
1.56,35
9,8
2.85,35
2.5,2
55.89,30
0.42,0.5
3,3
1.5,3.5
4.5,3
1,0.5
1.5,3.5
3,0.75
3.5,3.5
8.5,7
3.69,7
4.5,50
0.75,1
2,3
3.14,7
2.5,2.5
2,1
2,1
3,3
4,4
13,10
13,10
1,1
46.2,20
35.47,0.5
35.47,0.5
35.47,0.5
2,50
1,2
33.4,28
33.4,28
33.4,28
18.75,7
4,1
4,1
4,1
4,1
21.11,7
21.11,7
32.37,70
6,3
6,3
3,0.5
3,0.5
3,0.5
2,2
11,9
3.5,3.5
0.25,0.25
16.5,14
1.5,1
5.5,5.5
7,7
1.5,1.5
13.5,27
0.5,0.5
46.65,50
1,2
9.18,3.5
5.5,5.5
0.75,1
3.2,3.5
51.94,50
7.6,10
7.6,10
1,1
15,10
44.5,35
46.75,40
3.5,3.5
22,7
0.43,1
3.08,3.5
2.5,2.5
1,1
6.25,2
0.8,1
2.37,4
4.76,3.5
1,1
0.75,1
1.1,1
1.27,2
4.48,1
3.6,5
119,150
42.5,35
1.6,2.5
2.5,2.5
2,2
0.5,1
2,1.5
1,1
11.5,7
4,3.5
7,7
4,7
2.77,7
42.51,35
3.5,3.5
1,2
0.8,0.5
0.5,0.5
2.86,1
6.8,10
8.1,1
8.1,1
3,1.5
3,1.5
1,1
7,7
3.72,2
0.68,1
0.7,1
5.5,3
2.5,2.5
4.5,4.5
3.5,3.5
3,3
0.87,1
2.71,1
7,7
3,3
58.25,80
58.25,80
1,1
2.25,2.25
6.67,5
7.75,7
4.75,3.5
4.75,3.5
20.5,14
0.5,0.5
0.78,1
1,3.5
11.56,1
6.75,3.5
25,5
25,5
25,5
25,5
25,5
3.5,2
3.5,2
4,4
1.5,1.5
0.5,0.5
1.5,1.5
0.8,3.5
0.63,7
115.4,14
115.4,14
0.8,1
8.73,21
1.25,2
0.5,0.5
0.5,0.5
3.12,2
25.59,40
0.5,1
2.5,2
0.5,0.5
0.2,2.5
3.2,4
0.75,1
6.5,10
0.92,1
0.56,0.6
1.82,2
29,7
0.63,1
0.48,0.5
3,4.5
1.5,1.5
9,2.5
9,2.5
9,2.5
9,2.5
9,2.5
40.06,200
36,70
3,3.5
0.5,0.5
0.25,0.25
2.5,2.5
6.6,20
3,3
1,1
2.5,2.5
38,35
6.2,21
0.75,0.75
10.5,3.5
10.5,3.5
10.5,3.5
2,2
1,1
2,3
33.78,35
10.22,250
0.84,1.5
8.75,3
0.75,1
0.5,0.5
6.9,10
23.02,32
0.72,1
2.1,4
2.87,2.5
0.35,0.75
0.5,1
3,3
1.12,1
2.5,5
8.8,35
1.5,1
12,7
12,7
9.1,4
9.1,4
2,2
5.75,7
1,1
1.5,1
10.58,35
10.58,35
1,1
1.5,2
1.5,2
7,2
7,2
3,3.5
1.25,2
3.75,4
20.5,21
0.76,1
1.99,3.5
0.5,0.5
7,6
4.25,3.5
8.75,35
8.75,35
2.5,2
1,1
3,3
2,3
2,2
1.7,2
0.5,1
5.5,4.5
6,5
6,5
16.07,35
34.5,14
9.45,3.5
5.5,3
5.5,3
3.5,4
6,6
1.8,2
5.55,14
3.5,1.5
10,10
10,10
5.39,2
4.57,25
27.5,5
1.25,2
1.64,1
0.72,2
2.25,2
50.25,7
1,1
8.47,35
1.5,99
2.05,1
2.05,1
0.75,0.75
44.43,50
44.43,50
1,0.5
1,1
1.5,10
1,7
13.5,10
0.2,100
5,7
6,3
2.25,7
2.25,7
12.5,20
0.75,1
0.5,0.5
21.34,35
20.44,35
4.38,5
4.38,5
8.4,10
1.25,1.25
1.75,1.75
1.25,2
9,7
0.5,99
11,7
0.75,1
1,1
75.75,14
7,14
8.67,50
2.12,5
2.61,3.5
2.5,6
3,3
8,5
8,5
8,4
4,4
14,14
14,14
35.5,100
8.5,7
0.5,0.5
4.5,7
3,3
3.5,7
7,7
0.69,1
0.75,7
0.5,0.5
3,14
5,3.5
1.28,3
1,2
4.5,5
4.5,5
12.5,14
0.5,0.5
11.8,7
11.8,7
4.5,3.5
4.5,3.5
4.5,3.5
0.61,1
3,3
20.5,21
2.5,2.5
1.56,35
1.56,35
3.5,3.5
30.88,35
5.09,100
3.75,3.5
4.01,3.5
4.01,3.5
14,14
6.5,3
6.5,3
8,10
11.5,10
1,1
18.19,14
18.19,14
36.5,70
36.5,70
1.5,1
3.25,3
2.92,50
2.92,50
213.02,100
213.02,100
213.02,100
0.95,3.5
4,7
64.6,100
64.6,100
64.6,100
2.84,7
19,20
3,3
5,5
7,7
2.42,2
6.25,4
2.5,2.5
77,28
8,10
11,35
0.72,0.8
45.36,100
2,2
5.5,7
0.35,0.35
2,1
1.5,1.5
2,2
9.32,14
0.97,1
1,1
2,2
0.33,0.5
0.25,0.25
0.5,1
2.5,2
29.93,35
3,7
1,1
1.5,1.5
2,2
122.57,21
2,1.75
0.75,1
1.25,1
4.69,3.5
8.6,10
4,4
3.3,3.5
3.5,4
14.25,35
0.5,0.5
32,14
71.49,28
71.49,28
1.87,3.5
1.87,3.5
1.4,2.5
4,4
1,14
3,1
3,1
3,1
4.5,1.5
4.5,1.5
4.5,1.5
2,2
6.5,2
6.5,2
6.5,2
6.5,2
18.5,7
2.23,7
2.23,7
1,4
2,3
0.91,0.5
3.04,21
0.5,2
2.8,3.5
0.75,1
0.25,0.25
4.5,5
1,1
16.94,21
16.94,21
19.25,14
19.25,14
4.6,7
17.82,35
1,3
0.5,0.5
6.6,7
5.6,10
0.5,1
4,1
4,1
4,1
4,1
2.25,1.5
0.46,1
37.5,70
2,1
2,1
2,2
2.5,2.5
5.75,10
1,1
45.61,100
1.25,50
27.23,25
38.62,50
38.62,50
2.5,2
1.25,0.75
0.5,0.5
0.75,1
0.73,1
0.28,1
6.5,3.5
9,7
83.25,50
83.25,50
4,4
7.4,5
2.48,1
10.6,4
10.6,4
0.75,1
24.75,21
2.75,3.5
2.75,3.5
25.5,21
25.5,21
5.5,5.5
3.75,3
2.75,2
19.5,21
9.35,35
15.7,20
15.7,20
11.5,21
4,1
4,1
4,1
4,1
3,2.5
6,6
1.09,1
2.34,35
0.33,0.5
14,21
3.5,5
3.5,2
6,5
6,5
1,1
2,1
1,1
1.5,2
11.07,1
11.07,1
34,7
34,7
34,7
34,7
34,7
0.05,0.05
3.5,3
3,14
1.25,2
0.5,0.5
13.17,5
23.49,30
0.75,1
2.2,1
6.47,14
2.25,35
3.75,3
0.75,1
1,0.5
2.64,2
3,50
0.33,0.33
66.41,100
54.56,28
3.12,2
1.25,1
2.49,7
0.33,0.5
2.43,1
0.82,1
1,1
3.08,7
4.49,1
1.82,3
0.95,50
1.5,0.5
9.88,14
9.88,14
2.12,2
0.62,0.5
0.71,1
7,7
2.25,2
4.75,5
7.25,10.5
8,10
1,1
3,3
1,1
22.17,35
0.65,1
0.5,0.5
4.41,3.5
1,1
1.5,2
0.75,1
0.5,0.5
10.03,7
10.03,7
0.5,0.5
3.77,3.5
24,40
7.5,5
7.5,5
23,14
1,1
5.06,3
5.06,3
0.6,1
1.8,1
2,1
0.25,0.25
0.25,0.25
50,3.5
50,3.5
1.15,2
0.5,50
30,30
0.25,0.25
0.25,0.25
0.25,0.5
0.75,1
0.75,1
1.5,1
5,3
4.6,2
0.5,0.5
6,7
4.5,3.5
1.5,1.5
7.82,21
2.5,5
1.5,2
1.5,1.5
9.5,28
9.71,14
9.71,14
14.78,3.5
1.75,35
0.8,1
5.05,2
5.05,2
4,3
2,1
2,1
4,1
4,1
4,1
4,1
14.5,21
2.75,14
1,2
4,3.5
7.4,14
10.27,7
0.5,0.5
16,21
59.06,30
0.15,0.55
0.37,0.5
0.74,1
0.5,1
0.5,1
8.5,14
8.5,14
79,50
0.8,2
7,7
4,3
1,4
4,4
6,5
1,40
1,40
7,7
7,7
7,7
3.5,3
4.5,3
2.75,2.75
15.5,4
15.5,4
2,2
2,2
3,1
3,1
3,1
5,4
29,14
1,1
75.63,50
0.24,0.5
4,1
31.25,3.5
3,3.5
0.5,0.5
6,6
0.75,1
3.5,2
15.5,35
4.5,4
4,2
2.98,7
3.28,7
0.25,0.25
5,2.5
4.44,2.5
4,4
5.5,7
0.5,0.5
1.5,1.5
3.5,7
15.5,14
0.5,0.5
0.83,1
19.25,50
7.6,3.5
0.61,1.5
0.5,0.5