date,-announcements,-events,-introductions,-open-discussion,-topics-in-data-viz,audience-kids,audience-scientists,connect-academia,connect-freelance,connect-gov-civic,connect-hr-analytics,connect-journalism,connect-meetup-leads,connect-newbie,connect-nonprofit,connect-speaking,connect-team-up,dvs-chapter-thinkers,dvs-com-tech,dvs-suggestions,help-code,help-design,help-general,help-slack,location-africa,location-apac,location-atlanta,location-canada,location-chicago,location-dc,location-europe,location-newengland,location-nyc,location-seattle,location-uk,share-critique,share-inspiration,share-showcase,spanish-general,topic-accessibility,topic-best-practices,topic-career-advice,topic-data-art,topic-data-literacy,topic-data-processing,topic-data-resources,topic-dynamic-data,topic-health,topic-historical-viz,topic-interactivity,topic-machine-learnin,topic-mapping,topic-networks,topic-research,topic-sports-viz,topic-storytelling,topic-teaching,topic-temporal,topic-terminology,topic-text-analytics,topic-weather-climate,topic-xenographics
2019-02-25,"175,5,0,0,0","447,7,1,1,1","2671,10,7,54,0","0,0,0,0,0","175,5,0,0,0","0,0,0,0,0","0,0,0,0,0","0,0,0,0,0","0,0,0,0,0","0,0,0,0,0","0,0,0,0,0","0,0,0,0,0","0,0,0,0,0","0,0,0,0,0","0,0,0,0,0","0,0,0,0,0","0,0,0,0,0","0,0,0,0,0","0,0,0,0,0","175,5,0,0,0","0,0,0,0,0","0,0,0,0,0","0,0,0,0,0","0,0,0,0,0","0,0,0,0,0","0,0,0,0,0","0,0,0,0,0","0,0,0,0,0","0,0,0,0,0","0,0,0,0,0","0,0,0,0,0","0,0,0,0,0","0,0,0,0,0","0,0,0,0,0","0,0,0,0,0","3513,26,0,14,0","0,0,0,0,0","175,5,0,0,0","0,0,0,0,0","0,0,0,0,0","0,0,0,0,0","0,0,0,0,0","0,0,0,0,0","0,0,0,0,0","0,0,0,0,0","0,0,0,0,0","0,0,0,0,0","0,0,0,0,0","0,0,0,0,0","0,0,0,0,0","0,0,0,0,0","0,0,0,0,0","0,0,0,0,0","0,0,0,0,0","0,0,0,0,0","0,0,0,0,0","0,0,0,0,0","0,0,0,0,0","0,0,0,0,0","0,0,0,0,0","0,0,0,0,0","0,0,0,0,0"
2019-02-26,"35,1,0,0,0","1020,4,3,4,0","696,4,2,7,0","0,0,0,0,0","1169,4,5,6,0","0,0,0,0,0","0,0,0,0,0","0,0,0,0,0","0,0,0,0,0","0,0,0,0,0","0,0,0,0,0","0,0,0,0,0","0,0,0,0,0","0,0,0,0,0","0,0,0,0,0","0,0,0,0,0","0,0,0,0,0","0,0,0,0,0","0,0,0,0,0","35,1,0,0,0","0,0,0,0,0","0,0,0,0,0","0,0,0,0,0","0,0,0,0,0","0,0,0,0,0","0,0,0,0,0","0,0,0,0,0","0,0,0,0,0","0,0,0,0,0","0,0,0,0,0","0,0,0,0,0","0,0,0,0,0","0,0,0,0,0","0,0,0,0,0","0,0,0,0,0","2766,12,5,16,0","0,0,0,0,0","5779,7,25,56,3","0,0,0,0,0","0,0,0,0,0","0,0,0,0,0","0,0,0,0,0","0,0,0,0,0","0,0,0,0,0","0,0,0,0,0","0,0,0,0,0","0,0,0,0,0","0,0,0,0,0","0,0,0,0,0","0,0,0,0,0","0,0,0,0,0","0,0,0,0,0","0,0,0,0,0","0,0,0,0,0","0,0,0,0,0","0,0,0,0,0","0,0,0,0,0","0,0,0,0,0","0,0,0,0,0","0,0,0,0,0","0,0,0,0,0","0,0,0,0,0"
2019-02-27,"1580,15,7,24,0","557,12,1,0,0","13311,31,46,309,6","0,0,0,0,0","2519,14,7,14,0","0,0,0,0,0","0,0,0,0,0","0,0,0,0,0","0,0,0,0,0","0,0,0,0,0","0,0,0,0,0","0,0,0,0,0","0,0,0,0,0","0,0,0,0,0","0,0,0,0,0","0,0,0,0,0","0,0,0,0,0","0,0,0,0,0","0,0,0,0,0","1260,12,6,15,2","0,0,0,0,0","0,0,0,0,0","1150,19,2,1,0","1558,25,0,9,0","0,0,0,0,0","0,0,0,0,0","0,0,0,0,0","0,0,0,0,0","0,0,0,0,0","0,0,0,0,0","0,0,0,0,0","0,0,0,0,0","0,0,0,0,0","0,0,0,0,0","0,0,0,0,0","755,13,0,20,0","1674,19,9,19,2","6979,22,32,84,4","0,0,0,0,0","0,0,0,0,0","0,0,0,0,0","0,0,0,0,0","0,0,0,0,0","0,0,0,0,0","0,0,0,0,0","0,0,0,0,0","0,0,0,0,0","0,0,0,0,0","3790,27,20,11,8","0,0,0,0,0","0,0,0,0,0","0,0,0,0,0","0,0,0,0,0","0,0,0,0,0","0,0,0,0,0","0,0,0,0,0","0,0,0,0,0","0,0,0,0,0","0,0,0,0,0","0,0,0,0,0","0,0,0,0,0","0,0,0,0,0"
2019-02-28,"2535,16,13,24,1","150,0,1,0,0","62792,100,177,1253,36","0,0,0,0,0","18082,17,54,151,3","0,0,0,0,0","0,0,0,0,0","0,0,0,0,0","0,0,0,0,0","0,0,0,0,0","0,0,0,0,0","0,0,0,0,0","0,0,0,0,0","0,0,0,0,0","0,0,0,0,0","0,0,0,0,0","0,0,0,0,0","0,0,0,0,0","0,0,0,0,0","6006,11,28,64,0","0,0,0,0,0","0,0,0,0,0","4323,2,15,36,2","0,0,0,0,0","0,0,0,0,0","0,0,0,0,0","0,0,0,0,0","0,0,0,0,0","0,0,0,0,0","0,0,0,0,0","0,0,0,0,0","0,0,0,0,0","0,0,0,0,0","0,0,0,0,0","1184,16,4,6,1","8001,2,18,35,1","3280,10,20,47,10","2910,3,25,25,2","0,0,0,0,0","0,0,0,0,0","0,0,0,0,0","834,18,0,0,0","0,0,0,0,0","0,0,0,0,0","0,0,0,0,0","0,0,0,0,0","0,0,0,0,0","0,0,0,0,0","4361,17,16,4,4","0,0,0,0,0","0,0,0,0,0","0,0,0,0,0","0,0,0,0,0","0,0,0,0,0","0,0,0,0,0","0,0,0,0,0","0,0,0,0,0","0,0,0,0,0","473,11,0,0,0","0,0,0,0,0","0,0,0,0,0","0,0,0,0,0"
2019-03-01,"6782,11,31,166,7","0,0,0,0,0","76753,100,307,1143,38","0,0,0,0,0","12966,7,36,71,5","0,0,0,0,0","0,0,0,0,0","0,0,0,0,0","2189,26,7,17,0","0,0,0,0,0","0,0,0,0,0","0,0,0,0,0","0,0,0,0,0","0,0,0,0,0","0,0,0,0,0","0,0,0,0,0","0,0,0,0,0","0,0,0,0,0","0,0,0,0,0","10422,12,60,79,2","0,0,0,0,0","0,0,0,0,0","8119,7,45,53,14","0,0,0,0,0","0,0,0,0,0","0,0,0,0,0","0,0,0,0,0","0,0,0,0,0","0,0,0,0,0","0,0,0,0,0","0,0,0,0,0","0,0,0,0,0","0,0,0,0,0","0,0,0,0,0","315,9,0,0,0","4071,1,12,5,0","868,5,3,28,4","6550,14,29,97,13","0,0,0,0,0","0,0,0,0,0","0,0,0,0,0","569,5,2,2,0","0,0,0,0,0","0,0,0,0,0","0,0,0,0,0","0,0,0,0,0","0,0,0,0,0","0,0,0,0,0","5060,11,21,32,5","0,0,0,0,0","0,0,0,0,0","0,0,0,0,0","0,0,0,0,0","0,0,0,0,0","0,0,0,0,0","0,0,0,0,0","0,0,0,0,0","0,0,0,0,0","1446,12,6,8,2","0,0,0,0,0","0,0,0,0,0","0,0,0,0,0"
2019-03-02,"1359,7,1,4,0","632,3,0,10,3","41007,36,172,507,35","0,0,0,0,0","5801,1,15,27,3","0,0,0,0,0","0,0,0,0,0","0,0,0,0,0","931,1,2,7,0","1990,28,6,11,2","0,0,0,0,0","0,0,0,0,0","875,21,0,0,0","0,0,0,0,0","0,0,0,0,0","0,0,0,0,0","0,0,0,0,0","0,0,0,0,0","0,0,0,0,0","7356,9,42,61,2","0,0,0,0,0","0,0,0,0,0","2676,1,11,16,4","227,2,1,17,1","0,0,0,0,0","0,0,0,0,0","0,0,0,0,0","0,0,0,0,0","371,9,0,0,0","0,0,0,0,0","0,0,0,0,0","0,0,0,0,0","0,0,0,0,0","0,0,0,0,0","35,1,0,0,0","541,0,2,2,0","3842,4,8,83,3","1944,9,13,105,3","0,0,0,0,0","1129,23,0,17,0","2259,33,13,34,0","1219,3,6,26,2","0,0,0,0,0","2805,26,2,12,0","0,0,0,0,0","0,0,0,0,0","0,0,0,0,0","0,0,0,0,0","5411,5,22,11,3","0,0,0,0,0","0,0,0,0,0","0,0,0,0,0","0,0,0,0,0","0,0,0,0,0","0,0,0,0,0","0,0,0,0,0","0,0,0,0,0","0,0,0,0,0","370,1,1,9,0","0,0,0,0,0","0,0,0,0,0","0,0,0,0,0"
2019-03-03,"2687,5,9,31,2","93,1,0,1,0","55889,40,216,539,26","0,0,0,0,0","6418,0,17,15,1","0,0,0,0,0","0,0,0,0,0","0,0,0,0,0","288,0,2,1,0","116,0,1,0,0","0,0,0,0,0","0,0,0,0,0","0,0,0,0,0","0,0,0,0,0","0,0,0,0,0","0,0,0,0,0","0,0,0,0,0","0,0,0,0,0","0,0,0,0,0","7662,8,65,118,2","0,0,0,0,0","0,0,0,0,0","1182,1,10,0,1","36,0,1,0,0","0,0,0,0,0","0,0,0,0,0","0,0,0,0,0","0,0,0,0,0","658,12,1,9,0","0,0,0,0,0","0,0,0,0,0","0,0,0,0,0","0,0,0,0,0","0,0,0,0,0","70,2,0,0,0","6763,2,14,27,0","2534,4,12,45,2","3554,5,20,77,1","0,0,0,0,0","1514,2,6,3,1","3015,3,26,19,5","4320,4,17,17,4","0,0,0,0,0","1304,1,9,8,0","0,0,0,0,0","0,0,0,0,0","0,0,0,0,0","0,0,0,0,0","3517,5,24,14,3","0,0,0,0,0","0,0,0,0,0","0,0,0,0,0","0,0,0,0,0","0,0,0,0,0","0,0,0,0,0","0,0,0,0,0","0,0,0,0,0","0,0,0,0,0","3824,5,27,13,0","0,0,0,0,0","0,0,0,0,0","0,0,0,0,0"
2019-03-04,"5818,8,27,137,2","1914,4,4,24,3","61135,93,238,1275,42","0,0,0,0,0","3380,2,10,18,2","0,0,0,0,0","0,0,0,0,0","0,0,0,0,0","1156,3,7,15,2","8061,3,15,14,2","0,0,0,0,0","0,0,0,0,0","1689,4,1,0,1","0,0,0,0,0","0,0,0,0,0","0,0,0,0,0","0,0,0,0,0","0,0,0,0,0","0,0,0,0,0","9731,8,64,123,1","0,0,0,0,0","0,0,0,0,0","6408,6,25,22,7","421,3,2,9,1","0,0,0,0,0","0,0,0,0,0","0,0,0,0,0","0,0,0,0,0","2062,13,4,28,1","0,0,0,0,0","0,0,0,0,0","0,0,0,0,0","0,0,0,0,0","0,0,0,0,0","959,3,2,4,3","10139,3,24,60,1","4716,6,25,42,6","10513,14,59,152,9","0,0,0,0,0","1086,2,1,7,0","2015,5,6,23,5","925,2,9,3,2","0,0,0,0,0","136,0,2,4,0","0,0,0,0,0","0,0,0,0,0","0,0,0,0,0","0,0,0,0,0","2433,6,9,30,2","0,0,0,0,0","0,0,0,0,0","0,0,0,0,0","0,0,0,0,0","0,0,0,0,0","0,0,0,0,0","0,0,0,0,0","0,0,0,0,0","0,0,0,0,0","972,1,7,9,1","0,0,0,0,0","0,0,0,0,0","0,0,0,0,0"
2019-03-05,"8575,17,63,229,1","2315,6,9,17,1","39905,74,129,904,31","0,0,0,0,0","546,0,3,1,0","0,0,0,0,0","0,0,0,0,0","1594,29,1,16,0","0,0,0,0,0","827,0,3,6,3","0,0,0,0,0","0,0,0,0,0","1495,2,4,3,2","0,0,0,0,0","0,0,0,0,0","0,0,0,0,0","0,0,0,0,0","0,0,0,0,0","0,0,0,0,0","10213,14,58,125,5","0,0,0,0,0","0,0,0,0,0","14666,8,55,47,14","917,2,9,53,0","0,0,0,0,0","0,0,0,0,0","0,0,0,0,0","1456,27,1,8,3","591,2,2,14,0","476,12,0,2,1","0,0,0,0,0","0,0,0,0,0","2022,35,6,26,1","0,0,0,0,0","2029,8,10,19,1","16555,7,58,47,8","7967,12,40,99,11","10439,13,46,97,10","0,0,0,0,0","245,1,0,2,1","2068,5,5,26,5","4999,3,8,31,2","0,0,0,0,0","2470,3,10,20,2","0,0,0,0,0","822,21,0,2,0","0,0,0,0,0","0,0,0,0,0","15089,17,127,60,7","0,0,0,0,0","0,0,0,0,0","2191,25,6,7,3","0,0,0,0,0","0,0,0,0,0","1142,22,0,5,1","0,0,0,0,0","0,0,0,0,0","0,0,0,0,0","854,0,5,1,0","0,0,0,0,0","0,0,0,0,0","0,0,0,0,0"
2019-03-06,"1163,8,0,157,3","531,1,1,4,0","32187,41,130,413,9","0,0,0,0,0","2918,4,13,31,1","0,0,0,0,0","0,0,0,0,0","3932,6,8,14,3","0,0,0,0,0","2150,3,9,3,1","0,0,0,0,0","1241,24,0,9,0","1015,1,4,0,0","0,0,0,0,0","0,0,0,0,0","0,0,0,0,0","0,0,0,0,0","0,0,0,0,0","0,0,0,0,0","10466,20,61,137,4","0,0,0,0,0","0,0,0,0,0","5935,3,21,15,6","1084,1,10,20,1","0,0,0,0,0","0,0,0,0,0","0,0,0,0,0","715,7,3,8,1","0,0,0,0,0","873,12,3,9,1","4935,33,10,33,0","4524,20,9,15,0","6657,14,36,94,4","426,10,0,0,0","619,2,3,6,0","17363,2,89,53,3","9548,18,58,73,10","4718,6,21,36,2","0,0,0,0,0","142,1,0,5,1","1938,1,8,5,2","2934,3,13,9,1","0,0,0,0,0","315,1,1,9,1","0,0,0,0,0","3172,5,9,27,5","0,0,0,0,0","0,0,0,0,0","3251,4,15,33,3","0,0,0,0,0","0,0,0,0,0","3845,8,3,22,1","0,0,0,0,0","0,0,0,0,0","1194,8,6,16,2","0,0,0,0,0","9384,68,5,175,2","0,0,0,0,0","820,1,7,5,1","0,0,0,0,0","0,0,0,0,0","0,0,0,0,0"
2019-03-07,"1698,7,3,76,2","585,2,2,7,2","19354,27,70,241,5","854,24,0,3,0","4738,2,3,6,1","0,0,0,0,0","0,0,0,0,0","1419,4,4,22,2","165,0,1,0,0","2527,1,8,6,2","0,0,0,0,0","1716,3,4,3,1","35,1,0,0,0","0,0,0,0,0","0,0,0,0,0","0,0,0,0,0","0,0,0,0,0","0,0,0,0,0","0,0,0,0,0","4219,7,32,77,1","0,0,0,0,0","0,0,0,0,0","4462,2,17,7,4","2763,2,9,5,2","0,0,0,0,0","2112,29,1,10,0","0,0,0,0,0","927,4,5,12,0","935,5,4,9,2","121,1,0,2,1","8533,22,36,88,4","4241,14,18,17,0","13386,16,59,134,7","2091,10,3,11,1","1697,3,12,11,3","3349,1,11,6,0","6158,10,45,87,11","6652,12,28,193,9","622,12,0,0,0","1011,0,5,0,1","3212,3,22,39,2","442,0,3,0,0","1063,24,0,9,1","0,0,0,0,0","0,0,0,0,0","1768,3,2,11,2","0,0,0,0,0","0,0,0,0,0","11607,14,64,46,6","0,0,0,0,0","0,0,0,0,0","305,1,1,1,0","0,0,0,0,0","0,0,0,0,0","5953,6,24,25,6","0,0,0,0,0","4662,5,21,30,2","0,0,0,0,0","765,1,11,6,0","0,0,0,0,0","0,0,0,0,0","0,0,0,0,0"
2019-03-08,"264,2,1,0,0","334,2,1,6,2","18330,23,53,271,9","1475,8,4,17,2","3439,5,1,47,0","0,0,0,0,0","0,0,0,0,0","11405,6,21,14,4","775,2,4,6,1","227,0,2,0,0","0,0,0,0,0","0,0,0,0,0","746,4,4,2,0","0,0,0,0,0","0,0,0,0,0","0,0,0,0,0","0,0,0,0,0","0,0,0,0,0","0,0,0,0,0","3641,8,16,28,1","0,0,0,0,0","0,0,0,0,0","5802,4,31,19,2","107,0,2,1,0","0,0,0,0,0","1515,8,3,6,0","0,0,0,0,0","447,4,2,14,1","35,1,0,0,0","0,0,0,0,0","698,3,2,9,1","2934,2,13,8,0","8175,9,43,41,7","70,2,0,0,0","111,1,2,2,1","6039,2,25,5,3","4778,8,26,46,10","2384,3,13,14,2","1839,18,2,3,0","1475,1,7,4,0","10195,4,46,25,9","3462,1,11,33,0","11815,26,37,51,20","2506,6,4,9,0","0,0,0,0,0","1254,0,1,1,0","0,0,0,0,0","0,0,0,0,0","8836,5,34,40,2","0,0,0,0,0","0,0,0,0,0","2788,4,8,16,2","4435,30,15,9,12","0,0,0,0,0","2515,3,8,2,3","0,0,0,0,0","9276,7,29,25,7","0,0,0,0,0","0,0,0,0,0","9387,33,24,25,4","0,0,0,0,0","0,0,0,0,0"
2019-03-09,"152,1,0,4,0","364,1,0,6,1","5165,8,26,89,0","2219,2,8,15,1","800,0,4,1,0","0,0,0,0,0","0,0,0,0,0","87,1,0,0,1","0,0,0,0,0","355,1,2,3,1","0,0,0,0,0","408,0,4,0,0","663,1,2,1,1","0,0,0,0,0","0,0,0,0,0","0,0,0,0,0","0,0,0,0,0","0,0,0,0,0","0,0,0,0,0","3534,1,15,6,1","0,0,0,0,0","0,0,0,0,0","7061,3,19,11,4","0,0,0,0,0","0,0,0,0,0","0,0,0,0,0","0,0,0,0,0","0,0,0,0,0","501,4,2,16,0","0,0,0,0,0","181,2,1,1,5","1513,1,5,7,0","461,1,3,1,0","35,1,0,0,0","70,1,0,4,0","3183,3,8,3,1","2249,4,9,21,3","10,0,1,0,0","692,1,0,3,0","518,0,2,4,0","7147,1,19,22,0","95,0,1,2,0","868,3,5,8,1","1564,0,4,4,0","0,0,0,0,0","881,0,5,0,0","0,0,0,0,0","0,0,0,0,0","7685,6,44,11,5","0,0,0,0,0","0,0,0,0,0","0,0,0,0,0","0,0,0,0,0","0,0,0,0,0","0,0,0,0,0","0,0,0,0,0","640,1,2,12,0","0,0,0,0,0","155,0,4,3,0","37,0,1,0,0","0,0,0,0,0","0,0,0,0,0"
2019-03-10,"1589,1,1,67,1","0,0,0,0,0","5683,10,19,139,3","231,0,2,5,0","9579,1,39,50,0","0,0,0,0,0","0,0,0,0,0","0,0,0,0,0","0,0,0,0,0","0,0,0,0,0","0,0,0,0,0","0,0,0,0,0","19,0,1,0,0","0,0,0,0,0","0,0,0,0,0","0,0,0,0,0","0,0,0,0,0","0,0,0,0,0","0,0,0,0,0","3760,3,15,47,2","0,0,0,0,0","0,0,0,0,0","8091,4,26,18,4","1653,1,3,8,0","0,0,0,0,0","35,2,0,0,1","0,0,0,0,0","47,0,1,1,0","28,0,1,0,0","0,0,0,0,0","0,0,0,0,0","107,1,1,4,0","753,4,4,8,0","0,0,0,0,0","0,0,0,0,0","23756,3,72,35,4","821,6,3,30,3","2114,5,11,37,1","356,1,1,4,0","328,0,3,0,0","5195,1,19,3,4","321,0,3,1,2","586,1,3,7,0","0,0,0,0,0","0,0,0,0,0","2144,4,2,38,4","0,0,0,0,0","0,0,0,0,0","1862,3,8,9,1","0,0,0,0,0","0,0,0,0,0","0,0,0,0,0","687,1,0,3,1","0,0,0,0,0","931,1,2,4,2","0,0,0,0,0","0,0,0,0,0","0,0,0,0,0","0,0,0,0,0","3396,1,13,5,1","0,0,0,0,0","0,0,0,0,0"
2019-03-11,"614,2,0,11,1","121,1,2,0,0","11969,15,51,242,0","139,0,1,0,0","18973,17,50,108,3","0,0,0,0,0","0,0,0,0,0","286,0,2,1,0","0,0,0,0,0","970,0,5,2,2","0,0,0,0,0","677,4,1,7,2","0,0,0,0,0","0,0,0,0,0","0,0,0,0,0","0,0,0,0,0","0,0,0,0,0","0,0,0,0,0","0,0,0,0,0","1157,0,9,2,1","0,0,0,0,0","0,0,0,0,0","8106,4,31,10,5","39,0,1,0,0","0,0,0,0,0","242,1,1,7,0","0,0,0,0,0","172,0,3,0,0","372,4,1,7,1","373,1,4,1,1","43,1,0,9,0","1066,0,5,2,0","1260,1,13,0,3","35,1,0,0,0","537,1,2,3,0","11405,5,31,25,1","6186,8,37,68,8","1555,1,12,8,2","0,0,0,0,0","0,0,0,0,0","747,0,4,1,2","1124,2,6,14,3","137,2,1,0,0","0,0,0,0,0","0,0,0,0,0","466,1,4,1,4","0,0,0,0,0","0,0,0,0,0","6603,5,36,31,6","0,0,0,0,0","0,0,0,0,0","29,0,1,0,0","641,3,1,0,0","0,0,0,0,0","139,0,1,0,0","0,0,0,0,0","1490,2,3,1,0","0,0,0,0,0","180,0,3,0,0","188,2,2,1,2","0,0,0,0,0","0,0,0,0,0"
2019-03-12,"809,3,0,41,2","1107,4,5,15,4","14840,17,53,189,8","1027,2,10,3,2","9902,3,26,30,1","0,0,0,0,0","0,0,0,0,0","1569,5,5,4,1","558,0,2,0,0","582,1,1,2,0","0,0,0,0,0","431,1,1,5,3","0,0,0,0,0","0,0,0,0,0","0,0,0,0,0","0,0,0,0,0","0,0,0,0,0","0,0,0,0,0","0,0,0,0,0","6628,22,29,32,2","0,0,0,0,0","0,0,0,0,0","4120,5,15,3,4","1396,0,4,3,0","0,0,0,0,0","303,0,2,0,0","0,0,0,0,0","263,4,2,11,0","704,3,1,13,1","0,0,0,0,0","642,4,2,14,0","355,0,2,0,1","345,1,0,17,0","155,1,1,0,0","632,1,4,1,0","9514,5,33,74,1","3260,6,20,30,9","3016,9,15,67,3","933,2,3,11,1","4542,10,5,14,3","2557,3,7,15,4","2376,1,6,0,0","1950,3,9,29,5","0,0,0,0,0","0,0,0,0,0","0,0,0,0,0","0,0,0,0,0","0,0,0,0,0","4711,7,35,47,2","0,0,0,0,0","0,0,0,0,0","202,1,0,4,0","798,4,0,0,0","0,0,0,0,0","154,1,2,4,0","0,0,0,0,0","533,1,0,6,0","0,0,0,0,0","0,0,0,0,0","0,0,0,0,0","0,0,0,0,0","0,0,0,0,0"
2019-03-13,"107,1,0,121,0","1183,3,6,3,4","13773,14,41,191,4","922,2,4,2,1","9667,6,19,34,0","0,0,0,0,0","0,0,0,0,0","607,4,3,8,2","2231,1,3,2,1","33,0,1,0,0","0,0,0,0,0","204,3,0,3,1","877,1,4,7,0","0,0,0,0,0","0,0,0,0,0","0,0,0,0,0","0,0,0,0,0","0,0,0,0,0","0,0,0,0,0","2535,2,13,10,0","0,0,0,0,0","0,0,0,0,0","5562,5,23,5,2","2024,2,12,2,1","0,0,0,0,0","366,3,0,4,2","0,0,0,0,0","400,1,3,0,0","469,0,5,0,0","0,0,0,0,0","283,2,2,3,0","2223,3,21,27,2","1442,2,7,7,3","35,1,0,0,0","574,1,1,2,1","5993,1,19,27,2","9747,12,46,109,11","5283,6,18,52,4","1896,3,8,8,0","1747,1,7,4,1","13428,2,32,27,4","0,0,0,0,0","806,1,6,7,2","633,1,2,0,0","0,0,0,0,0","0,0,0,0,0","0,0,0,0,0","0,0,0,0,0","4438,6,16,19,2","0,0,0,0,0","0,0,0,0,0","1771,1,4,4,3","307,1,2,3,1","0,0,0,0,0","0,0,0,0,0","0,0,0,0,0","3487,1,12,9,1","0,0,0,0,0","247,1,1,1,1","0,0,0,0,0","0,0,0,0,0","0,0,0,0,0"
2019-03-14,"1420,6,0,38,0","1767,6,4,12,4","11826,18,23,170,5","5993,4,27,11,2","7129,5,17,35,0","0,0,0,0,0","0,0,0,0,0","1392,4,5,3,2","0,0,0,0,0","57,1,1,0,0","0,0,0,0,0","1173,5,10,11,3","1155,1,2,2,0","4502,38,4,56,2","0,0,0,0,0","0,0,0,0,0","861,21,0,0,0","0,0,0,0,0","0,0,0,0,0","1635,0,14,6,0","0,0,0,0,0","0,0,0,0,0","12333,5,69,35,18","473,1,3,4,1","0,0,0,0,0","0,0,0,0,0","0,0,0,0,0","389,2,2,4,0","148,1,2,0,0","0,0,0,0,0","430,1,5,0,0","933,2,3,2,0","369,4,2,16,1","661,3,1,2,3","6,0,1,1,0","4521,0,14,6,3","3093,3,11,15,5","6791,4,36,124,5","944,0,9,2,0","0,0,0,0,0","1462,2,5,10,3","2355,2,5,2,3","211,1,3,11,0","397,1,2,6,0","0,0,0,0,0","0,0,0,0,0","0,0,0,0,0","0,0,0,0,0","2946,5,19,34,3","0,0,0,0,0","0,0,0,0,0","2795,3,4,20,2","2506,3,7,2,2","0,0,0,0,0","85,0,1,0,0","0,0,0,0,0","4830,10,19,32,1","0,0,0,0,0","4437,10,13,8,2","0,0,0,0,0","0,0,0,0,0","0,0,0,0,0"
2019-03-15,"618,1,2,37,1","701,2,3,8,2","15102,20,34,231,5","6281,3,13,21,1","2105,1,6,6,0","0,0,0,0,0","0,0,0,0,0","0,0,0,0,0","166,0,2,1,0","0,0,0,0,0","0,0,0,0,0","0,0,0,0,0","3058,4,20,7,0","1739,2,7,6,3","0,0,0,0,0","0,0,0,0,0","253,3,0,9,0","0,0,0,0,0","0,0,0,0,0","925,3,4,12,0","0,0,0,0,0","0,0,0,0,0","4152,2,18,10,3","75,0,1,0,0","0,0,0,0,0","138,2,0,0,0","0,0,0,0,0","220,1,1,3,0","117,1,0,7,1","474,1,1,2,0","368,0,4,2,0","1458,1,9,6,0","2310,3,19,16,0","0,0,0,0,0","0,0,0,0,0","1595,0,3,2,0","4981,6,24,23,9","2123,5,6,80,0","312,1,1,5,0","0,0,0,0,0","0,0,0,0,0","0,0,0,0,0","1476,7,9,39,3","903,1,3,1,0","0,0,0,0,0","0,0,0,0,0","0,0,0,0,0","0,0,0,0,0","8237,3,55,20,8","0,0,0,0,0","0,0,0,0,0","899,2,3,3,1","631,0,3,0,0","0,0,0,0,0","0,0,0,0,0","0,0,0,0,0","2583,1,9,9,2","0,0,0,0,0","2893,1,14,5,2","83,2,0,1,0","0,0,0,0,0","0,0,0,0,0"
2019-03-17,"338,1,1,14,1","575,0,3,2,0","3404,3,15,32,2","486,1,1,4,1","2929,2,5,18,0","0,0,0,0,0","0,0,0,0,0","0,0,0,0,0","2209,5,11,0,1","0,0,0,0,0","0,0,0,0,0","0,0,0,0,0","0,0,0,0,0","0,0,0,0,0","0,0,0,0,0","0,0,0,0,0","0,0,0,0,0","0,0,0,0,0","0,0,0,0,0","1130,2,8,5,0","0,0,0,0,0","0,0,0,0,0","5441,2,23,2,3","0,0,0,0,0","0,0,0,0,0","0,0,0,0,0","0,0,0,0,0","0,0,0,0,0","0,0,0,0,0","59,1,0,10,0","2708,4,12,15,1","691,0,5,0,0","224,1,2,0,0","0,0,0,0,0","552,1,2,4,0","304,1,0,0,0","803,1,3,4,1","4189,3,10,28,0","0,0,0,0,0","0,0,0,0,0","340,0,2,2,1","985,0,5,0,2","511,0,2,3,1","0,0,0,0,0","0,0,0,0,0","0,0,0,0,0","0,0,0,0,0","0,0,0,0,0","5953,4,26,13,5","0,0,0,0,0","0,0,0,0,0","891,1,4,13,2","54,0,1,0,0","0,0,0,0,0","25,1,0,0,0","0,0,0,0,0","1453,0,7,1,0","0,0,0,0,0","0,0,0,0,0","0,0,0,0,0","0,0,0,0,0","0,0,0,0,0"
2019-03-18,"374,1,0,75,1","495,1,8,3,0","10008,8,25,86,6","3065,0,7,13,0","121,1,1,0,0","0,0,0,0,0","0,0,0,0,0","2360,6,1,1,0","668,0,6,1,0","0,0,0,0,0","0,0,0,0,0","2530,4,12,2,2","1025,1,5,0,2","31,0,1,1,0","0,0,0,0,0","0,0,0,0,0","0,0,0,0,0","0,0,0,0,0","0,0,0,0,0","1849,5,10,19,2","0,0,0,0,0","0,0,0,0,0","2428,3,11,19,2","0,0,0,0,0","0,0,0,0,0","175,1,0,9,0","0,0,0,0,0","94,2,0,15,0","0,0,0,0,0","292,0,2,0,0","851,0,5,2,2","1189,2,4,7,0","347,0,5,3,0","464,0,1,0,0","1726,3,7,8,2","3076,2,5,9,0","2184,6,8,21,7","4660,4,12,54,3","1593,1,4,5,1","0,0,0,0,0","991,1,4,3,0","0,0,0,0,0","1640,2,1,6,1","2811,2,7,20,1","0,0,0,0,0","244,2,1,2,2","0,0,0,0,0","0,0,0,0,0","3183,3,24,6,5","0,0,0,0,0","0,0,0,0,0","995,3,1,5,2","0,0,0,0,0","0,0,0,0,0","1402,1,5,0,1","0,0,0,0,0","3279,2,6,0,1","0,0,0,0,0","0,0,0,0,0","0,0,0,0,0","0,0,0,0,0","0,0,0,0,0"
2019-03-20,"1188,7,0,8,1","1127,4,11,10,2","15675,14,48,244,5","4768,0,7,0,2","3826,0,8,0,0","0,0,0,0,0","0,0,0,0,0","1183,1,3,5,2","1881,4,8,2,3","0,0,0,0,0","0,0,0,0,0","894,0,6,0,0","255,0,5,3,0","4785,1,8,17,1","0,0,0,0,0","0,0,0,0,0","0,0,0,0,0","10802,6,29,17,0","0,0,0,0,0","2980,6,15,59,1","0,0,0,0,0","0,0,0,0,0","4146,3,23,12,5","138,0,1,0,0","273,6,0,0,0","614,7,1,10,0","541,13,0,1,0","0,0,0,0,0","35,1,0,0,0","0,0,0,0,0","726,3,4,6,1","292,0,2,0,0","1092,5,2,20,2","2214,8,8,9,1","1000,3,2,4,3","13213,6,28,35,3","5189,6,20,41,7","9844,8,27,95,8","1134,0,6,1,2","0,0,0,0,0","357,1,4,15,1","0,0,0,0,0","5974,7,16,14,4","0,0,0,0,0","0,0,0,0,0","0,0,0,0,0","0,0,0,0,0","0,0,0,0,0","2577,3,20,26,0","854,21,0,0,0","873,22,0,0,0","448,2,1,7,2","147,0,2,0,0","965,22,0,2,0","802,1,3,5,2","0,0,0,0,0","718,1,1,1,0","0,0,0,0,0","0,0,0,0,0","0,0,0,0,0","0,0,0,0,0","0,0,0,0,0"
2019-03-21,"139,1,0,12,1","1132,4,1,31,2","5041,5,12,84,3","16087,3,38,58,2","2129,0,2,0,0","0,0,0,0,0","0,0,0,0,0","0,0,0,0,0","457,0,3,0,1","0,0,0,0,0","0,0,0,0,0","0,0,0,0,0","0,0,0,0,0","2893,3,9,26,4","0,0,0,0,0","0,0,0,0,0","0,0,0,0,0","433,3,0,5,0","0,0,0,0,0","11691,4,27,70,1","0,0,0,0,0","0,0,0,0,0","1326,2,15,0,1","0,0,0,0,0","1853,6,1,7,2","306,2,2,6,0","35,1,0,0,0","523,2,0,6,2","0,0,0,0,0","0,0,0,0,0","647,1,0,9,3","212,0,1,0,0","77,0,1,0,0","0,0,0,0,0","2111,4,9,1,3","3851,1,12,27,2","618,1,6,4,2","8963,7,33,65,4","377,0,3,3,1","35,1,0,0,0","2950,0,13,9,0","0,0,0,0,0","4424,3,12,6,4","1342,0,2,2,0","0,0,0,0,0","247,1,0,7,1","0,0,0,0,0","0,0,0,0,0","6267,2,49,16,5","0,0,0,0,0","0,0,0,0,0","144,0,2,0,0","168,0,1,0,0","837,5,0,6,0","622,3,1,9,1","0,0,0,0,0","1495,1,3,3,1","0,0,0,0,0","0,0,0,0,0","0,0,0,0,0","0,0,0,0,0","0,0,0,0,0"
2019-03-22,"991,2,0,19,1","248,1,2,2,1","7931,13,22,221,5","7570,0,14,41,0","1651,3,10,6,0","0,0,0,0,0","0,0,0,0,0","0,0,0,0,0","12,0,1,0,0","73,0,1,2,0","0,0,0,0,0","443,0,3,0,0","0,0,0,0,0","2853,3,10,30,2","0,0,0,0,0","0,0,0,0,0","1156,1,9,1,1","35,1,0,0,0","6551,27,12,21,2","3993,4,19,19,1","0,0,0,0,0","0,0,0,0,0","701,2,3,7,1","505,1,3,2,1","1074,2,0,4,0","718,1,1,2,0","0,0,0,0,0","479,3,0,6,4","0,0,0,0,0","0,0,0,0,0","35,1,0,0,0","1236,1,4,10,0","662,1,4,18,0","429,0,4,0,0","889,3,2,7,2","1417,1,8,14,4","1044,3,6,19,3","5925,4,21,73,3","875,2,1,2,0","0,0,0,0,0","2975,2,11,24,2","0,0,0,0,0","154,1,1,1,1","0,0,0,0,0","0,0,0,0,0","478,2,2,1,0","0,0,0,0,0","0,0,0,0,0","9859,10,76,17,6","358,1,0,1,0","5250,4,8,3,4","230,1,2,2,1","257,0,2,0,0","552,1,0,5,0","0,0,0,0,0","0,0,0,0,0","3423,2,9,15,1","0,0,0,0,0","0,0,0,0,0","0,0,0,0,0","0,0,0,0,0","0,0,0,0,0"
2019-03-25,"179,1,0,5,0","1110,1,3,7,1","3456,7,11,97,3","251,0,1,0,0","6623,5,8,31,0","0,0,0,0,0","0,0,0,0,0","0,0,0,0,0","251,0,1,0,0","0,0,0,0,0","0,0,0,0,0","1256,1,7,10,4","0,0,0,0,0","1458,0,11,2,0","0,0,0,0,0","0,0,0,0,0","684,1,8,4,1","0,0,0,0,0","1185,3,1,1,0","271,1,1,11,0","0,0,0,0,0","0,0,0,0,0","4183,4,9,3,0","0,0,0,0,0","328,3,2,1,0","714,2,2,1,1","0,0,0,0,0","406,0,2,1,1","261,1,0,3,1","0,0,0,0,0","743,3,3,10,0","63,0,1,0,0","499,2,0,2,1","0,0,0,0,0","992,4,3,5,0","12133,2,24,15,2","7444,3,28,19,4","1106,2,3,21,4","928,2,3,7,1","0,0,0,0,0","0,0,0,0,0","138,0,1,0,0","1565,2,8,15,3","0,0,0,0,0","0,0,0,0,0","807,1,4,0,1","0,0,0,0,0","0,0,0,0,0","4489,1,18,7,0","785,0,1,3,1","722,0,1,0,0","88,0,1,0,2","348,2,3,0,1","819,1,0,4,1","0,0,0,0,0","0,0,0,0,0","0,0,0,0,0","0,0,0,0,0","0,0,0,0,0","0,0,0,0,0","0,0,0,0,0","0,0,0,0,0"
2019-03-26,"233,1,0,30,1","1078,4,1,6,3","4464,3,21,56,1","0,0,0,0,0","14386,10,19,74,3","0,0,0,0,0","0,0,0,0,0","4499,5,8,12,0","0,0,0,0,0","0,0,0,0,0","0,0,0,0,0","0,0,0,0,0","0,0,0,0,0","153,0,2,0,0","0,0,0,0,0","0,0,0,0,0","484,1,6,1,0","398,1,0,1,0","0,0,0,0,0","2566,1,14,20,0","0,0,0,0,0","0,0,0,0,0","2509,3,14,9,2","258,0,1,1,0","529,1,1,1,0","488,1,5,6,0","0,0,0,0,0","0,0,0,0,0","0,0,0,0,0","0,0,0,0,0","1820,8,14,8,3","693,2,5,18,0","1299,3,8,3,0","0,0,0,0,0","469,1,3,8,1","2226,1,5,8,1","4008,5,22,18,5","511,2,6,21,1","1928,1,6,5,2","0,0,0,0,0","1348,3,7,11,1","0,0,0,0,0","0,0,0,0,0","0,0,0,0,0","0,0,0,0,0","282,1,1,2,1","0,0,0,0,0","0,0,0,0,0","5887,2,31,11,2","2244,1,11,2,2","204,2,1,10,0","0,0,0,0,0","581,1,6,0,0","7940,4,16,13,1","158,0,1,0,0","0,0,0,0,0","317,0,2,0,0","0,0,0,0,0","0,0,0,0,0","0,0,0,0,0","0,0,0,0,0","0,0,0,0,0"
2019-03-27,"63,1,0,21,0","1411,1,1,12,1","5228,9,18,156,4","1536,3,5,11,1","6929,7,9,33,0","0,0,0,0,0","0,0,0,0,0","2043,3,3,6,3","0,0,0,0,0","0,0,0,0,0","0,0,0,0,0","0,0,0,0,0","0,0,0,0,0","22,0,1,1,0","0,0,0,0,0","0,0,0,0,0","1452,0,14,3,0","2125,4,3,2,0","0,0,0,0,0","2261,1,12,9,0","0,0,0,0,0","0,0,0,0,0","788,1,11,0,2","0,0,0,0,0","0,0,0,0,0","1280,2,5,10,1","35,1,0,0,0","0,0,0,0,0","0,0,0,0,0","0,0,0,0,0","1284,3,14,7,2","186,0,4,1,0","0,0,0,0,0","0,0,0,0,0","291,4,1,4,1","0,0,0,0,0","4237,5,19,20,5","1815,4,22,41,3","42,0,1,0,0","169,1,2,3,0","210,0,3,0,0","0,0,0,0,0","681,0,5,16,1","727,0,4,0,0","0,0,0,0,0","295,1,0,11,1","0,0,0,0,0","0,0,0,0,0","11598,8,76,61,5","406,0,1,0,0","0,0,0,0,0","133,1,0,6,0","0,0,0,0,0","8231,4,17,15,2","930,1,5,3,2","0,0,0,0,0","601,1,7,0,0","0,0,0,0,0","0,0,0,0,0","289,1,1,0,1","0,0,0,0,0","0,0,0,0,0"
2019-03-29,"188,2,0,48,0","0,0,0,0,0","981,2,3,22,0","1618,0,2,1,0","4625,2,14,9,0","0,0,0,0,0","0,0,0,0,0","0,0,0,0,0","862,0,4,0,0","0,0,0,0,0","0,0,0,0,0","0,0,0,0,0","0,0,0,0,0","0,0,0,0,0","0,0,0,0,0","0,0,0,0,0","0,0,0,0,0","0,0,0,0,0","0,0,0,0,0","510,1,4,8,1","0,0,0,0,0","0,0,0,0,0","2019,4,9,1,5","0,0,0,0,0","0,0,0,0,0","496,0,3,3,0","0,0,0,0,0","0,0,0,0,0","0,0,0,0,0","0,0,0,0,0","0,0,0,0,0","878,1,3,4,1","757,3,3,17,1","0,0,0,0,0","0,0,0,0,0","2449,1,5,9,0","1062,4,3,20,4","525,1,3,6,0","0,0,0,0,0","916,0,2,1,5","491,0,6,2,0","0,0,0,0,0","397,2,2,18,1","0,0,0,0,0","0,0,0,0,0","0,0,0,0,0","0,0,0,0,0","0,0,0,0,0","3717,3,11,9,0","0,0,0,0,0","0,0,0,0,0","353,0,2,0,0","1534,1,6,0,1","358,0,1,0,0","196,1,3,3,0","0,0,0,0,0","232,0,1,0,0","0,0,0,0,0","0,0,0,0,0","65,1,0,2,1","0,0,0,0,0","0,0,0,0,0"
2019-04-01,"273,2,2,14,1","489,3,0,9,3","12285,8,29,116,1","0,0,0,0,0","2666,1,1,6,0","0,0,0,0,0","0,0,0,0,0","1376,1,1,8,0","282,1,0,2,0","382,1,3,3,0","0,0,0,0,0","0,0,0,0,0","0,0,0,0,0","1287,1,8,8,1","0,0,0,0,0","0,0,0,0,0","0,0,0,0,0","0,0,0,0,0","0,0,0,0,0","171,0,2,0,0","0,0,0,0,0","0,0,0,0,0","11159,4,20,7,7","0,0,0,0,0","433,1,1,1,0","0,0,0,0,0","0,0,0,0,0","0,0,0,0,0","0,0,0,0,0","0,0,0,0,0","70,2,0,0,0","2182,4,3,9,0","1116,2,10,1,2","0,0,0,0,0","801,2,0,2,1","671,0,6,3,0","2198,2,14,4,4","987,2,5,23,0","159,1,0,0,0","226,0,1,0,0","1870,1,3,0,0","0,0,0,0,0","7,0,1,0,0","0,0,0,0,0","0,0,0,0,0","0,0,0,0,0","0,0,0,0,0","0,0,0,0,0","3886,3,9,8,1","0,0,0,0,0","0,0,0,0,0","1802,1,9,2,5","257,0,1,0,0","688,0,5,0,0","0,0,0,0,0","0,0,0,0,0","70,2,0,0,0","0,0,0,0,0","0,0,0,0,0","0,0,0,0,0","0,0,0,0,0","0,0,0,0,0"
2019-04-03,"1249,2,4,27,1","833,1,2,1,1","2683,2,10,35,0","1401,0,8,10,0","3186,1,9,17,0","0,0,0,0,0","0,0,0,0,0","2498,2,7,4,1","192,0,1,0,0","0,0,0,0,0","0,0,0,0,0","0,0,0,0,0","0,0,0,0,0","5088,1,14,15,4","0,0,0,0,0","0,0,0,0,0","0,0,0,0,0","2485,1,5,1,0","1686,2,3,4,1","0,0,0,0,0","0,0,0,0,0","0,0,0,0,0","6256,4,33,11,2","2439,2,13,4,1","0,0,0,0,0","0,0,0,0,0","0,0,0,0,0","0,0,0,0,0","107,1,0,0,1","0,0,0,0,0","927,3,0,4,1","801,0,5,1,0","0,0,0,0,0","0,0,0,0,0","1232,0,7,0,1","0,0,0,0,0","5191,4,7,9,1","3133,2,19,20,0","1498,1,6,1,0","579,1,1,0,0","799,0,3,4,1","0,0,0,0,0","138,0,2,1,0","0,0,0,0,0","0,0,0,0,0","0,0,0,0,0","0,0,0,0,0","0,0,0,0,0","13970,5,50,51,4","0,0,0,0,0","0,0,0,0,0","487,0,2,2,1","98,0,1,0,0","803,1,2,5,1","1621,1,4,2,0","0,0,0,0,0","0,0,0,0,0","0,0,0,0,0","0,0,0,0,0","0,0,0,0,0","0,0,0,0,0","0,0,0,0,0"
2019-04-04,"622,4,3,31,2","63,1,0,0,0","5811,9,13,80,2","3499,4,6,3,1","87,1,0,3,0","2340,21,4,4,1","4650,28,21,14,3","4595,2,9,7,4","755,1,2,1,0","80,1,0,0,0","1568,13,2,0,0","137,2,0,0,1","231,2,1,0,0","401,1,1,1,4","707,17,0,0,0","669,14,0,0,0","72,1,0,0,0","182,1,1,0,0","81,1,0,0,0","1810,3,21,10,1","1239,20,1,4,0","1638,21,6,0,2","6016,3,32,16,1","521,2,3,1,0","0,0,0,0,0","0,0,0,0,0","0,0,0,0,0","0,0,0,0,0","0,0,0,0,0","0,0,0,0,0","1023,2,4,5,1","40,1,0,0,0","0,0,0,0,0","0,0,0,0,0","249,1,2,4,1","5618,4,19,12,4","2430,8,6,32,6","4325,3,14,24,7","387,2,0,1,2","82,1,0,0,0","367,2,1,3,2","82,1,0,0,0","478,2,3,9,0","82,1,0,0,0","601,14,0,0,0","78,1,0,0,0","645,16,0,0,0","1650,25,2,10,0","9816,13,41,33,8","82,1,0,0,0","180,3,0,2,1","1818,3,6,9,2","1431,2,7,1,0","622,1,4,5,0","76,1,0,0,0","990,22,0,4,0","322,1,4,2,1","635,14,0,1,0","78,1,0,0,0","84,1,0,0,0","2014,26,3,5,2","1626,26,1,4,0"
2019-04-05,"337,2,1,25,2","582,1,2,0,0","3346,2,12,29,0","1206,3,10,29,1","4000,1,3,15,0","989,3,1,0,0","2214,3,7,4,2","3181,3,9,10,2","0,0,0,0,0","0,0,0,0,0","35,1,0,0,0","0,0,0,0,0","290,1,3,7,0","1234,0,7,2,1","0,0,0,0,0","175,5,0,0,0","0,0,0,0,0","0,0,0,0,0","0,0,0,0,0","506,1,3,4,0","2383,6,2,1,0","406,1,2,0,1","318,0,1,0,0","0,0,0,0,0","662,2,0,3,0","0,0,0,0,0","0,0,0,0,0","0,0,0,0,0","0,0,0,0,0","0,0,0,0,0","0,0,0,0,0","351,1,0,1,1","482,2,0,3,1","0,0,0,0,0","0,0,0,0,0","2191,0,7,3,0","2507,4,13,4,10","6988,7,19,37,5","446,0,4,0,0","0,0,0,0,0","32,0,1,0,0","0,0,0,0,0","669,3,2,2,5","0,0,0,0,0","105,3,0,0,0","0,0,0,0,0","105,3,0,0,0","61,1,2,0,0","16692,8,77,33,10","77,0,1,0,1","110,0,2,0,0","624,0,4,3,2","0,0,0,0,0","0,0,0,0,0","0,0,0,0,0","0,0,0,0,0","187,0,3,0,0","1924,5,6,4,5","0,0,0,0,0","0,0,0,0,0","1645,3,10,6,2","780,3,3,3,1"
2019-03-19,"0,0,0,0,0","1665,6,6,18,3","8285,11,35,186,3","6793,3,14,22,2","4523,1,5,25,1","0,0,0,0,0","0,0,0,0,0","3363,1,11,6,0","152,0,2,0,0","0,0,0,0,0","0,0,0,0,0","1832,4,4,1,1","829,1,3,6,0","1702,3,5,15,0","0,0,0,0,0","0,0,0,0,0","0,0,0,0,0","2016,18,3,3,0","0,0,0,0,0","1036,2,7,25,0","0,0,0,0,0","0,0,0,0,0","5166,3,22,8,5","254,0,2,0,0","0,0,0,0,0","716,3,2,27,1","0,0,0,0,0","1406,3,4,3,2","380,2,1,1,1","0,0,0,0,0","2314,8,13,27,1","1449,3,4,1,2","1418,24,8,37,0","1084,2,6,0,0","1316,1,7,4,0","2712,2,10,32,0","4587,8,21,49,7","2796,5,8,51,2","909,2,2,1,1","0,0,0,0,0","251,0,4,0,0","0,0,0,0,0","3073,4,6,11,3","1795,0,6,3,1","0,0,0,0,0","335,1,2,0,0","0,0,0,0,0","0,0,0,0,0","1673,2,12,24,0","0,0,0,0,0","0,0,0,0,0","47,0,1,0,0","548,1,2,0,0","0,0,0,0,0","2208,3,10,5,4","0,0,0,0,0","8157,1,22,18,2","0,0,0,0,0","0,0,0,0,0","0,0,0,0,0","0,0,0,0,0","0,0,0,0,0"
2019-03-24,"0,0,0,0,0","571,2,0,2,1","1288,1,12,18,0","3274,1,16,17,4","0,0,0,0,0","0,0,0,0,0","0,0,0,0,0","0,0,0,0,0","75,0,1,0,0","0,0,0,0,0","0,0,0,0,0","0,0,0,0,0","538,0,1,0,0","0,0,0,0,0","0,0,0,0,0","0,0,0,0,0","106,0,1,1,0","0,0,0,0,0","626,1,5,1,0","1791,1,10,14,1","0,0,0,0,0","0,0,0,0,0","713,2,2,1,0","0,0,0,0,0","658,1,0,0,0","1252,1,3,1,1","0,0,0,0,0","658,1,0,2,0","0,0,0,0,0","0,0,0,0,0","2595,4,10,10,2","0,0,0,0,0","251,1,0,4,0","0,0,0,0,0","658,1,0,1,0","643,0,3,0,0","423,1,2,1,1","3080,3,16,47,2","1507,1,0,4,0","0,0,0,0,0","281,0,3,0,0","317,0,2,1,0","2450,2,5,31,2","0,0,0,0,0","0,0,0,0,0","0,0,0,0,0","0,0,0,0,0","0,0,0,0,0","7160,4,52,37,2","0,0,0,0,0","0,0,0,0,0","36,0,1,1,0","234,1,2,1,0","0,0,0,0,0","164,1,0,0,0","0,0,0,0,0","0,0,0,0,0","0,0,0,0,0","0,0,0,0,0","0,0,0,0,0","0,0,0,0,0","0,0,0,0,0"
2019-03-28,"0,0,0,0,0","76,1,0,2,1","4950,9,11,140,3","0,0,0,0,0","3928,2,18,33,2","0,0,0,0,0","0,0,0,0,0","288,1,2,0,1","2019,2,3,9,1","0,0,0,0,0","0,0,0,0,0","35,1,0,1,0","0,0,0,0,0","103,0,1,1,0","0,0,0,0,0","0,0,0,0,0","209,0,3,1,0","893,0,8,6,0","1265,1,3,0,0","0,0,0,0,0","0,0,0,0,0","0,0,0,0,0","1094,2,9,1,0","0,0,0,0,0","444,0,2,0,0","0,0,0,0,0","35,1,0,0,0","0,0,0,0,0","0,0,0,0,0","0,0,0,0,0","431,4,3,14,0","113,1,1,5,0","0,0,0,0,0","0,0,0,0,0","742,1,3,1,0","72,0,1,1,0","3249,6,19,34,6","1118,1,4,17,0","0,0,0,0,0","3704,4,27,18,4","0,0,0,0,0","0,0,0,0,0","466,1,1,5,1","0,0,0,0,0","0,0,0,0,0","0,0,0,0,0","0,0,0,0,0","0,0,0,0,0","4160,5,14,23,2","781,0,3,0,1","0,0,0,0,0","846,2,2,5,0","431,0,2,0,0","6172,7,10,18,2","277,0,4,2,1","0,0,0,0,0","267,2,3,1,0","0,0,0,0,0","0,0,0,0,0","0,0,0,0,0","0,0,0,0,0","0,0,0,0,0"
2019-03-30,"0,0,0,0,0","403,1,0,2,1","1421,2,4,30,2","0,0,0,0,0","3678,1,4,14,0","0,0,0,0,0","0,0,0,0,0","0,0,0,0,0","0,0,0,0,0","0,0,0,0,0","0,0,0,0,0","0,0,0,0,0","0,0,0,0,0","0,0,0,0,0","0,0,0,0,0","0,0,0,0,0","0,0,0,0,0","0,0,0,0,0","0,0,0,0,0","309,1,2,0,0","0,0,0,0,0","0,0,0,0,0","7172,1,7,5,1","0,0,0,0,0","0,0,0,0,0","621,0,3,0,0","0,0,0,0,0","525,1,2,0,1","0,0,0,0,0","0,0,0,0,0","835,2,0,2,2","16,1,0,0,0","378,1,6,0,0","0,0,0,0,0","35,1,0,0,0","1293,2,6,11,1","2066,3,9,10,4","0,0,0,0,0","0,0,0,0,0","0,0,0,0,0","1774,2,6,16,0","148,0,1,1,0","0,0,0,0,0","0,0,0,0,0","0,0,0,0,0","0,0,0,0,0","0,0,0,0,0","0,0,0,0,0","333,1,1,6,0","0,0,0,0,0","0,0,0,0,0","119,0,1,0,0","845,2,1,0,0","167,2,1,10,0","0,0,0,0,0","0,0,0,0,0","0,0,0,0,0","0,0,0,0,0","0,0,0,0,0","0,0,0,0,0","0,0,0,0,0","0,0,0,0,0"
2019-04-02,"0,0,0,0,0","1732,1,11,7,2","1011,1,7,12,0","3129,3,17,18,1","29,0,1,0,0","0,0,0,0,0","0,0,0,0,0","0,0,0,0,0","3051,0,5,4,0","4398,0,7,0,0","0,0,0,0,0","0,0,0,0,0","35,1,0,0,0","46,0,1,0,0","0,0,0,0,0","0,0,0,0,0","0,0,0,0,0","0,0,0,0,0","0,0,0,0,0","0,0,0,0,0","0,0,0,0,0","0,0,0,0,0","2140,3,5,34,1","851,2,2,3,1","145,1,1,2,0","2087,1,4,5,0","0,0,0,0,0","0,0,0,0,0","0,0,0,0,0","0,0,0,0,0","111,0,2,0,0","751,1,3,9,1","0,0,0,0,0","0,0,0,0,0","0,0,0,0,0","512,0,3,3,0","5399,5,15,23,9","7956,6,36,101,2","0,0,0,0,0","2738,5,4,10,5","1838,0,10,11,2","0,0,0,0,0","0,0,0,0,0","0,0,0,0,0","0,0,0,0,0","214,1,1,3,1","0,0,0,0,0","0,0,0,0,0","16930,4,53,29,3","0,0,0,0,0","0,0,0,0,0","1392,3,5,6,1","54,0,1,0,0","3459,1,25,1,5","0,0,0,0,0","0,0,0,0,0","172,0,1,0,0","0,0,0,0,0","0,0,0,0,0","0,0,0,0,0","0,0,0,0,0","0,0,0,0,0"
2019-04-06,"0,0,0,0,0","177,1,0,1,0","453,0,2,0,0","1111,2,11,19,0","476,1,1,1,0","1292,2,4,4,0","2240,1,6,5,1","74,0,1,0,0","482,0,2,1,0","0,0,0,0,0","2912,2,2,3,1","0,0,0,0,0","0,0,0,0,0","0,0,0,0,0","0,0,0,0,0","0,0,0,0,0","0,0,0,0,0","0,0,0,0,0","0,0,0,0,0","0,0,0,0,0","527,3,1,1,1","502,1,0,1,0","337,1,1,0,1","0,0,0,0,0","161,0,1,0,0","0,0,0,0,0","0,0,0,0,0","1087,2,5,3,2","0,0,0,0,0","0,0,0,0,0","0,0,0,0,0","374,1,1,5,0","0,0,0,0,0","0,0,0,0,0","0,0,0,0,0","123,0,1,0,1","140,1,1,12,0","1438,1,6,30,0","509,0,3,0,0","1039,2,4,1,2","0,0,0,0,0","0,0,0,0,0","583,1,1,5,4","0,0,0,0,0","35,1,0,0,0","0,0,0,0,0","35,1,0,0,0","691,1,0,3,0","4736,3,25,15,1","975,1,0,0,0","0,0,0,0,0","0,0,0,0,0","0,0,0,0,0","0,0,0,0,0","124,1,0,2,1","0,0,0,0,0","0,0,0,0,0","70,2,0,0,0","0,0,0,0,0","0,0,0,0,0","0,0,0,0,0","68,0,1,0,0"
2019-03-16,"0,0,0,0,0","0,0,0,0,0","12000,9,49,134,3","111,0,1,0,0","2866,3,10,6,2","0,0,0,0,0","0,0,0,0,0","296,0,1,0,1","1505,0,3,2,0","0,0,0,0,0","0,0,0,0,0","0,0,0,0,0","270,0,2,0,0","1581,3,2,12,2","0,0,0,0,0","0,0,0,0,0","0,0,0,0,0","0,0,0,0,0","0,0,0,0,0","1815,3,13,8,0","0,0,0,0,0","0,0,0,0,0","3601,4,22,16,5","559,1,2,5,0","0,0,0,0,0","0,0,0,0,0","0,0,0,0,0","72,1,0,0,1","173,1,0,9,0","0,0,0,0,0","1273,3,6,1,2","256,1,0,4,0","0,0,0,0,0","0,0,0,0,0","0,0,0,0,0","1875,1,8,1,1","1245,3,3,17,2","5872,8,22,34,2","901,1,6,4,0","0,0,0,0,0","2662,2,19,5,3","0,0,0,0,0","567,2,7,18,2","691,1,2,0,0","0,0,0,0,0","0,0,0,0,0","0,0,0,0,0","0,0,0,0,0","1905,2,8,4,1","0,0,0,0,0","0,0,0,0,0","350,0,1,0,0","0,0,0,0,0","0,0,0,0,0","0,0,0,0,0","0,0,0,0,0","0,0,0,0,0","0,0,0,0,0","0,0,0,0,0","0,0,0,0,0","0,0,0,0,0","0,0,0,0,0"
2019-03-23,"0,0,0,0,0","0,0,0,0,0","1515,1,3,16,0","0,0,0,0,0","414,0,3,0,2","0,0,0,0,0","0,0,0,0,0","0,0,0,0,0","0,0,0,0,0","0,0,0,0,0","0,0,0,0,0","63,0,1,0,0","235,1,0,0,0","237,0,1,0,0","0,0,0,0,0","0,0,0,0,0","0,0,0,0,0","35,1,0,0,0","8687,10,30,14,2","3964,2,17,12,1","0,0,0,0,0","0,0,0,0,0","89,0,1,0,0","949,1,3,1,0","70,2,0,1,0","0,0,0,0,0","70,2,0,0,0","0,0,0,0,0","0,0,0,0,0","0,0,0,0,0","597,2,0,2,1","555,2,2,3,1","0,0,0,0,0","0,0,0,0,0","0,0,0,0,0","364,1,3,4,1","1251,5,5,20,3","1159,0,13,4,1","0,0,0,0,0","0,0,0,0,0","189,1,0,0,0","1681,2,8,40,0","119,1,0,0,1","0,0,0,0,0","0,0,0,0,0","0,0,0,0,0","0,0,0,0,0","0,0,0,0,0","2416,4,8,14,4","371,0,1,1,0","1025,0,4,0,0","175,1,0,4,0","0,0,0,0,0","0,0,0,0,0","0,0,0,0,0","0,0,0,0,0","173,0,1,0,0","0,0,0,0,0","0,0,0,0,0","0,0,0,0,0","0,0,0,0,0","0,0,0,0,0"
2019-03-31,"0,0,0,0,0","0,0,0,0,0","401,2,2,14,1","0,0,0,0,0","0,0,0,0,0","0,0,0,0,0","0,0,0,0,0","0,0,0,0,0","203,0,1,0,0","0,0,0,0,0","0,0,0,0,0","0,0,0,0,0","417,1,1,0,1","23,0,1,1,0","0,0,0,0,0","0,0,0,0,0","0,0,0,0,0","0,0,0,0,0","0,0,0,0,0","66,0,1,1,0","0,0,0,0,0","0,0,0,0,0","4219,0,9,4,0","0,0,0,0,0","0,0,0,0,0","90,2,1,7,1","0,0,0,0,0","0,0,0,0,0","0,0,0,0,0","0,0,0,0,0","155,0,2,1,1","0,0,0,0,0","808,1,8,1,1","0,0,0,0,0","0,0,0,0,0","3205,0,13,5,2","2377,2,11,17,0","0,0,0,0,0","0,0,0,0,0","0,0,0,0,0","1293,0,5,6,1","0,0,0,0,0","310,2,2,3,3","0,0,0,0,0","0,0,0,0,0","0,0,0,0,0","0,0,0,0,0","0,0,0,0,0","2481,6,12,27,2","0,0,0,0,0","0,0,0,0,0","1055,3,3,5,1","655,0,1,0,0","335,2,5,1,3","0,0,0,0,0","0,0,0,0,0","0,0,0,0,0","0,0,0,0,0","0,0,0,0,0","0,0,0,0,0","0,0,0,0,0","0,0,0,0,0"
2019-04-07,"0,0,0,0,0","0,0,0,0,0","240,0,2,0,0","650,1,7,1,2","0,0,0,0,0","35,1,0,0,0","600,0,1,0,0","0,0,0,0,0","0,0,0,0,0","0,0,0,0,0","35,1,0,0,0","0,0,0,0,0","0,0,0,0,0","0,0,0,0,0","70,2,0,0,0","35,1,0,0,0","0,0,0,0,0","0,0,0,0,0","0,0,0,0,0","0,0,0,0,0","4482,1,15,3,2","319,0,3,0,0","296,1,2,2,1","0,0,0,0,0","35,1,0,0,0","179,0,2,0,0","107,3,0,0,0","0,0,0,0,0","0,0,0,0,0","0,0,0,0,0","0,0,0,0,0","0,0,0,0,0","0,0,0,0,0","0,0,0,0,0","0,0,0,0,0","591,0,2,1,0","74,0,2,0,0","2106,0,5,2,0","0,0,0,0,0","0,0,0,0,0","645,2,1,6,0","0,0,0,0,0","0,0,0,0,0","0,0,0,0,0","70,2,0,0,0","0,0,0,0,0","209,2,0,0,1","203,0,1,1,1","3575,4,33,20,2","824,0,3,0,0","0,0,0,0,0","188,0,1,0,0","0,0,0,0,0","0,0,0,0,0","0,0,0,0,0","30,1,0,1,0","0,0,0,0,0","70,2,0,0,0","0,0,0,0,0","0,0,0,0,0","0,0,0,0,0","0,0,0,0,0"
2019-02-21,"0,0,0,0,0","0,0,0,0,0","0,0,0,0,0","0,0,0,0,0","0,0,0,0,0","0,0,0,0,0","0,0,0,0,0","0,0,0,0,0","0,0,0,0,0","0,0,0,0,0","0,0,0,0,0","0,0,0,0,0","0,0,0,0,0","0,0,0,0,0","0,0,0,0,0","0,0,0,0,0","0,0,0,0,0","0,0,0,0,0","0,0,0,0,0","0,0,0,0,0","0,0,0,0,0","0,0,0,0,0","0,0,0,0,0","0,0,0,0,0","0,0,0,0,0","0,0,0,0,0","0,0,0,0,0","0,0,0,0,0","0,0,0,0,0","0,0,0,0,0","0,0,0,0,0","0,0,0,0,0","0,0,0,0,0","0,0,0,0,0","0,0,0,0,0","123,1,0,6,1","0,0,0,0,0","0,0,0,0,0","0,0,0,0,0","0,0,0,0,0","0,0,0,0,0","0,0,0,0,0","0,0,0,0,0","0,0,0,0,0","0,0,0,0,0","0,0,0,0,0","0,0,0,0,0","0,0,0,0,0","0,0,0,0,0","0,0,0,0,0","0,0,0,0,0","0,0,0,0,0","0,0,0,0,0","0,0,0,0,0","0,0,0,0,0","0,0,0,0,0","0,0,0,0,0","0,0,0,0,0","0,0,0,0,0","0,0,0,0,0","0,0,0,0,0","0,0,0,0,0"